C/EGD/10,
C/EGD/100,T/LA/973
C/EGD/1000,T/LA/476
C/EGD/1001,T/LA/468
C/EGD/1002,T/LA/477
C/EGD/1003,T/LA/478
C/EGD/1005,T/LA/618
C/EGD/1006,T/LA/480
C/EGD/1007,T/LA/481
C/EGD/1008,T/LA/482
C/EGD/1009,T/LA/483
C/EGD/101,T/LA/987
C/EGD/1010,T/LA/484
C/EGD/1011,T/LA/485
C/EGD/1012,T/LA/486
C/EGD/1013,T/LA/487
C/EGD/1014,T/LA/164
C/EGD/1015,T/LA/166
C/EGD/1016,T/LA/163
C/EGD/1017,T/LA/165
C/EGD/1018,T/LA/490
C/EGD/1019,T/LA/491
C/EGD/102,T/LA/967
C/EGD/1020,T/LA/492
C/EGD/1021,T/LA/493
C/EGD/1022,T/LA/494
C/EGD/1023,T/LA/495
C/EGD/1025,T/LA/497
C/EGD/1026,T/LA/499
C/EGD/1027,T/LA/610
C/EGD/1028,T/LA/500
C/EGD/1029,T/LA/498
C/EGD/103,T/LA/972
C/EGD/1030,T/JO/310
C/EGD/1031,T/JO/312
C/EGD/1032,T/JO/313
C/EGD/1033,T/JO/314
C/EGD/1034,T/JO/315
C/EGD/1035,T/JO/305
C/EGD/1036,T/JO/304
C/EGD/1037,T/JO/306
C/EGD/1038,T/LA/506
C/EGD/1039,T/LA/502
C/EGD/104,T/LA/995
C/EGD/1041,T/LA/503
C/EGD/1042,T/LA/489
C/EGD/1043,T/LA/507
C/EGD/1044,T/LA/505
C/EGD/1045,T/LA/488
C/EGD/1046,T/LA/504
C/EGD/1047,T/JO/77
C/EGD/1048,T/JO/311
C/EGD/1049,T/JO/309
C/EGD/1050,T/LA/597
C/EGD/1051,T/LA/599
C/EGD/1052,T/LA/598
C/EGD/1053,T/LA/596
C/EGD/1054,T/LA/508
C/EGD/1055,T/LA/601
C/EGD/1056,T/LA/600
C/EGD/1057,T/LA/509
C/EGD/1058,T/LA/602
C/EGD/1059,T/LA/603
C/EGD/1060,T/LA/605
C/EGD/1061,T/LA/606
C/EGD/1062,T/LA/604
C/EGD/1063,T/LA/607
C/EGD/1064,T/LA/608
C/EGD/1065,T/LA/609
C/EGD/1066,T/LA/611
C/EGD/1067,T/LA/612
C/EGD/1068,T/JO/1872
C/EGD/1069,T/LA/615
C/EGD/107,T/LA/991
C/EGD/1070,T/LA/614
C/EGD/1071,T/LA/613
C/EGD/1073,T/JO/1873
C/EGD/1075,T/LA/626
C/EGD/1076,T/LA/624
C/EGD/1077,T/LA/623
C/EGD/1078,T/LA/622
C/EGD/1079,T/LA/621
C/EGD/108,T/LA/992
C/EGD/1080,T/LA/627
C/EGD/1081,T/LA/625
C/EGD/1082,T/LA/496
C/EGD/1083,T/LA/671
C/EGD/1084,T/LA/672
C/EGD/1085,T/LA/644
C/EGD/1086,T/LA/652
C/EGD/1087,T/LA/651
C/EGD/1088,T/LA/653
C/EGD/1089,T/LA/654
C/EGD/109,
C/EGD/1090,T/LA/655
C/EGD/1091,T/LA/642
C/EGD/1092,T/LA/643
C/EGD/1093,T/LA/646
C/EGD/1094,T/LA/83
C/EGD/1095,T/LA/633
C/EGD/1096,T/LA/641
C/EGD/1097,T/LA/660
C/EGD/1098,T/LA/647
C/EGD/1099,T/LA/712
C/EGD/11,
C/EGD/110,T/LA/970
C/EGD/1100,T/LA/700
C/EGD/1101,T/LA/711
C/EGD/1102,T/LA/710
C/EGD/1103,T/LA/709
C/EGD/1104,T/LA/708
C/EGD/1105,T/LA/707
C/EGD/1106,T/LA/706
C/EGD/1107,T/LA/713
C/EGD/1108,T/LA/714
C/EGD/1109,T/LA/703
C/EGD/111,T/LA/1648
C/EGD/1110,T/LA/702
C/EGD/1111,T/LA/716
C/EGD/1112,T/LA/701
C/EGD/1113,T/LA/704
C/EGD/1114,T/LA/715
C/EGD/1115,T/JO/320
C/EGD/1116,T/JO/319
C/EGD/1117,T/JO/318
C/EGD/1118,T/LA/698
C/EGD/1119,T/LA/696
C/EGD/1120,T/LA/697
C/EGD/1121,T/LA/705
C/EGD/1122,T/LA/734
C/EGD/1123,T/LA/736
C/EGD/1124,T/LA/737
C/EGD/1125,T/LA/738
C/EGD/1126,T/LA/159
C/EGD/1127,T/LA/161
C/EGD/1128,T/JO/321
C/EGD/1129,T/JO/323
C/EGD/113,T/JO/2185
C/EGD/1130,T/JO/322
C/EGD/1131,T/LA/719
C/EGD/1132,T/LA/140
C/EGD/1133,T/LA/152
C/EGD/1135,T/LA/153
C/EGD/1136,T/JO/89
C/EGD/1137,T/JO/88
C/EGD/1138,T/JO/87
C/EGD/1139,T/JO/81
C/EGD/114,
C/EGD/1140,T/JO/78
C/EGD/1141,T/JO/86
C/EGD/1142,T/JO/79
C/EGD/1143,T/JO/80
C/EGD/1144,T/JO/82
C/EGD/1145,T/LA/742
C/EGD/1146,T/JO/325
C/EGD/1147,T/JO/324
C/EGD/1148,T/LA/741
C/EGD/1149,T/LA/740
C/EGD/115,
C/EGD/1150,T/LA/743
C/EGD/1151,T/LA/739
C/EGD/1153,T/LA/86
C/EGD/1154,T/LA/675
C/EGD/1155,T/LA/674
C/EGD/1156,T/LA/630
C/EGD/1157,T/LA/658
C/EGD/1158,T/LA/650
C/EGD/1159,T/LA/649
C/EGD/116,T/LA/1678
C/EGD/1160,T/JO/330
C/EGD/1161,T/JO/331
C/EGD/1162,T/LA/648
C/EGD/1163,T/LA/84
C/EGD/1165,T/LA/720
C/EGD/1166,T/LA/721
C/EGD/1167,T/LA/673
C/EGD/1168,T/LA/151
C/EGD/1169,T/LA/154
C/EGD/1170,T/LA/135
C/EGD/1171,T/LA/656
C/EGD/1172,T/LA/619
C/EGD/1173,T/LA/746
C/EGD/1174,T/LA/744
C/EGD/1175,T/LA/745
C/EGD/1176,T/LA/683
C/EGD/1177,T/LA/684
C/EGD/1178,T/LA/686
C/EGD/1179,T/LA/685
C/EGD/118,
C/EGD/1180,T/LA/687
C/EGD/1181,T/LA/688
C/EGD/1182,T/LA/689
C/EGD/1183,T/LA/690
C/EGD/1184,T/LA/691
C/EGD/1185,T/LA/692
C/EGD/1187,T/LA/767
C/EGD/1188,T/LA/629
C/EGD/1189,T/LA/635
C/EGD/119,T/LA/1652
C/EGD/1190,T/LA/634
C/EGD/1191,T/LA/748
C/EGD/1192,T/LA/747
C/EGD/1193,T/LA/722
C/EGD/1194,T/LA/752
C/EGD/1195,T/LA/751
C/EGD/1196,T/LA/750
C/EGD/1197,T/LA/749
C/EGD/1199,T/LA/753
C/EGD/12,
C/EGD/120,T/LA/969
C/EGD/1200,T/LA/768
C/EGD/1201,T/LA/659
C/EGD/1202,T/LA/754
C/EGD/1203,T/LA/755
C/EGD/1205,T/LA/759
C/EGD/1206,T/LA/628
C/EGD/1207,T/LA/758
C/EGD/1208,T/LA/757
C/EGD/1209,T/LA/97
C/EGD/121,T/LA/929
C/EGD/1210,T/JO/336
C/EGD/1211,T/JO/338
C/EGD/1212,T/JO/335
C/EGD/1213,T/JO/339
C/EGD/1214,T/JO/340
C/EGD/1215,T/JO/337
C/EGD/1216,T/JO/334
C/EGD/1217,T/LA/765
C/EGD/1218,T/LA/764
C/EGD/1219,T/LA/763
C/EGD/1220,T/LA/762
C/EGD/1221,T/LA/761
C/EGD/1222,T/LA/760
C/EGD/1223,T/LA/693
C/EGD/1224,T/LA/98
C/EGD/1225,T/LA/99
C/EGD/1226,T/LA/2221
C/EGD/1227,T/LA/662
C/EGD/1228,T/LA/663
C/EGD/1229,T/LA/664
C/EGD/123,T/LA/1950
C/EGD/1230,T/LA/665
C/EGD/1231,T/JO/333
C/EGD/1233,T/LA/620
C/EGD/1234,T/LA/766
C/EGD/1236,T/LA/782
C/EGD/1237,T/LA/783
C/EGD/1238,T/LA/781
C/EGD/1239,T/JO/2189
C/EGD/124,T/LA/172
C/EGD/1241,T/LA/787
C/EGD/1242,T/LA/786
C/EGD/1243,T/LA/785
C/EGD/1244,T/LA/788
C/EGD/1245,T/LA/789
C/EGD/1246,T/LA/790
C/EGD/1247,T/LA/791
C/EGD/1248,T/LA/792
C/EGD/1249,T/LA/793
C/EGD/1250,T/LA/794
C/EGD/1251,T/LA/795
C/EGD/1252,T/LA/796
C/EGD/1253,T/LA/797
C/EGD/1254,T/LA/799
C/EGD/1255,T/LA/784
C/EGD/1257,T/LA/800
C/EGD/1258,T/LA/798
C/EGD/126,T/JO/882
C/EGD/1260,T/LA/801
C/EGD/1262,T/LA/808
C/EGD/1263,T/LA/812
C/EGD/1264,T/LA/810
C/EGD/1265,T/LA/999
C/EGD/1440,T/JO/849
C/EGD/1441,T/JO/847
C/EGD/1442,T/JO/846
C/EGD/1443,T/JO/845
C/EGD/1444,T/JO/854
C/EGD/1445,T/JO/853
C/EGD/1446,T/JO/852
C/EGD/1447,T/JO/835
C/EGD/1448,T/JO/866
C/EGD/1449,T/JO/865
C/EGD/145,T/LA/884
C/EGD/1450,T/JO/864
C/EGD/1451,T/JO/863
C/EGD/1452,T/JO/862
C/EGD/1453,T/JO/861
C/EGD/1454,T/LA/287
C/EGD/1455,T/JO/874
C/EGD/1456,T/JO/879
C/EGD/1457,T/JO/770
C/EGD/1458,T/JO/878
C/EGD/1459,T/JO/916
C/EGD/146,T/LA/883
C/EGD/1460,T/JO/915
C/EGD/1679,T/JO/950
C/EGD/1680,T/JO/1003
C/EGD/1681,T/JO/1002
C/EGD/1682,T/JO/1004
C/EGD/1683,T/JO/1005
C/EGD/1684,T/JO/1012
C/EGD/1685,T/JO/1011
C/EGD/1686,T/JO/1010
C/EGD/1687,T/JO/1009
C/EGD/1688,T/JO/1008
C/EGD/1689,T/JO/1007
C/EGD/169,T/LA/24
C/EGD/1833,
C/EGD/1834,T/JO/1649
C/EGD/1835,
C/EGD/1836,T/LA/1771
C/EGD/1837,
C/EGD/1838,T/JO/1129
C/EGD/1839,T/JO/1262
C/EGD/184,T/LA/157
C/EGD/1840,
C/EGD/1841,T/JO/1203
C/EGD/210,T/LA/1502
C/EGD/2100,
C/EGD/2101,
C/EGD/2102,T/LA/1639
C/EGD/2103,
C/EGD/2104,T/JO/1953
C/EGD/2105,
C/EGD/2106,T/LA/1641
C/EGD/2107,
C/EGD/2108,T/JO/2277
C/EGD/296,T/JO/420
C/EGD/297,T/JO/1485
C/EGD/299,T/JO/422
C/EGD/30,T/LA/1009
C/EGD/301,T/LA/1289
C/EGD/302,T/LA/1129
C/EGD/303,T/LA/1565
C/EGD/304,T/LA/1916
C/EGD/305,T/LA/1915
C/EGD/307,T/LA/1137
C/EGD/480,T/LA/1362
C/EGD/481,T/LA/1360
C/EGD/482,T/LA/1359
C/EGD/483,T/LA/1358
C/EGD/485,T/LA/1357
C/EGD/486,T/LA/1356
C/EGD/487,T/LA/1355
C/EGD/488,T/LA/1354
C/EGD/489,T/LA/1353
C/EGD/49,T/LA/899
C/EGD/1266,T/LA/813
C/EGD/1267,
C/EGD/1268,T/LA/1003
C/EGD/1269,T/LA/1004
C/EGD/127,T/LA/870
C/EGD/1270,T/LA/155
C/EGD/1271,T/LA/150
C/EGD/1272,T/LA/141
C/EGD/1274,T/LA/149
C/EGD/1275,T/LA/2101
C/EGD/1276,T/LA/1002
C/EGD/1277,T/LA/1001
C/EGD/1278,T/LA/1014
C/EGD/1279,T/LA/1070
C/EGD/128,T/LA/871
C/EGD/1280,T/LA/1005
C/EGD/1281,T/LA/1006
C/EGD/1282,T/LA/1013
C/EGD/1283,T/LA/1007
C/EGD/1284,T/LA/1088
C/EGD/1285,
C/EGD/1286,T/LA/1087
C/EGD/1287,T/LA/1085
C/EGD/1288,T/LA/1086
C/EGD/1289,T/LA/1073
C/EGD/129,T/LA/873
C/EGD/1290,T/LA/1071
C/EGD/1291,T/LA/1072
C/EGD/1292,
C/EGD/1293,T/LA/1078
C/EGD/1294,T/LA/1080
C/EGD/1295,T/LA/1075
C/EGD/1296,T/LA/1076
C/EGD/1297,T/JO/540
C/EGD/1298,T/JO/524
C/EGD/1299,T/LA/1077
C/EGD/13,
C/EGD/130,T/LA/874
C/EGD/1300,T/LA/1091
C/EGD/1301,T/LA/1092
C/EGD/1302,T/LA/1093
C/EGD/1303,T/LA/1094
C/EGD/1304,T/LA/1095
C/EGD/1305,T/LA/1074
C/EGD/1306,T/LA/1083
C/EGD/1307,T/LA/1082
C/EGD/1308,T/LA/1079
C/EGD/1309,T/LA/1090
C/EGD/131,T/LA/44
C/EGD/1310,T/LA/1089
C/EGD/1311,T/LA/1057
C/EGD/1312,T/LA/1056
C/EGD/1313,T/JO/1874
C/EGD/1315,T/JO/104
C/EGD/1316,T/JO/102
C/EGD/1317,T/JO/1875
C/EGD/1318,T/JO/110
C/EGD/1319,T/LA/1065
C/EGD/132,T/LA/43
C/EGD/1320,T/LA/1064
C/EGD/1321,T/LA/1063
C/EGD/1322,T/LA/1062
C/EGD/1323,T/JO/95
C/EGD/1324,T/JO/94
C/EGD/1325,T/LA/1066
C/EGD/1326,T/LA/1061
C/EGD/1327,T/JO/93
C/EGD/1328,T/JO/91
C/EGD/1329,T/LA/1017
C/EGD/133,T/LA/42
C/EGD/1330,T/LA/1022
C/EGD/1331,T/LA/1980
C/EGD/1332,T/LA/1020
C/EGD/1333,T/LA/1019
C/EGD/1334,T/LA/1016
C/EGD/1335,T/LA/1068
C/EGD/1336,T/LA/1067
C/EGD/1337,T/LA/1024
C/EGD/1338,T/LA/1023
C/EGD/1339,T/LA/1025
C/EGD/134,T/LA/45
C/EGD/1340,T/LA/1026
C/EGD/1341,T/LA/1027
C/EGD/1342,T/LA/1028
C/EGD/1343,T/LA/1046
C/EGD/1344,T/LA/1044
C/EGD/1346,T/LA/1035
C/EGD/1347,T/LA/1034
C/EGD/1348,T/LA/1033
C/EGD/1349,T/LA/1032
C/EGD/135,T/LA/888
C/EGD/1350,T/LA/1031
C/EGD/1351,T/LA/1030
C/EGD/1352,T/LA/1029
C/EGD/1353,T/LA/1055
C/EGD/1354,T/LA/1038
C/EGD/1355,T/LA/1037
C/EGD/1356,T/LA/1039
C/EGD/1357,T/LA/1040
C/EGD/1358,T/LA/1041
C/EGD/1359,T/LA/1042
C/EGD/136,T/LA/47
C/EGD/1360,T/LA/1100
C/EGD/1361,T/LA/1099
C/EGD/1362,T/LA/1098
C/EGD/1363,T/LA/1097
C/EGD/1364,T/LA/1096
C/EGD/1365,
C/EGD/1366,
C/EGD/1367,T/JO/1032
C/EGD/1368,T/JO/1031
C/EGD/137,T/LA/876
C/EGD/1370,T/JO/1037
C/EGD/1371,T/JO/1046
C/EGD/1372,T/JO/1030
C/EGD/1373,T/JO/1029
C/EGD/1374,T/LA/404
C/EGD/1375,T/LA/408
C/EGD/1376,T/JO/810
C/EGD/1377,T/JO/798
C/EGD/1378,
C/EGD/1379,T/JO/418
C/EGD/138,T/LA/878
C/EGD/1380,T/JO/813
C/EGD/1381,T/JO/812
C/EGD/1382,T/JO/811
C/EGD/1383,T/JO/809
C/EGD/1384,T/JO/808
C/EGD/1385,T/JO/807
C/EGD/1386,T/JO/806
C/EGD/1387,T/JO/805
C/EGD/1388,T/JO/820
C/EGD/1389,T/JO/821
C/EGD/139,T/LA/879
C/EGD/1390,T/LA/285
C/EGD/1392,T/LA/377
C/EGD/1393,T/JO/818
C/EGD/1394,T/JO/817
C/EGD/1395,T/JO/816
C/EGD/1396,T/JO/815
C/EGD/1397,T/JO/814
C/EGD/1398,T/LA/413
C/EGD/1399,T/JO/590
C/EGD/14,
C/EGD/140,T/LA/48
C/EGD/1401,T/JO/828
C/EGD/1402,T/JO/827
C/EGD/1403,T/JO/829
C/EGD/1404,T/JO/802
C/EGD/1405,T/JO/801
C/EGD/1406,T/JO/830
C/EGD/1407,T/JO/435
C/EGD/1408,T/JO/434
C/EGD/1409,T/JO/804
C/EGD/141,T/LA/49
C/EGD/1410,T/JO/803
C/EGD/1411,T/JO/824
C/EGD/1412,T/JO/823
C/EGD/1413,T/JO/826
C/EGD/1414,T/JO/825
C/EGD/1415,T/JO/831
C/EGD/1416,T/JO/877
C/EGD/1417,T/JO/876
C/EGD/1418,T/JO/875
C/EGD/1419,T/JO/833
C/EGD/142,T/LA/50
C/EGD/1420,T/JO/834
C/EGD/1421,T/JO/832
C/EGD/1422,T/JO/839
C/EGD/1423,T/JO/858
C/EGD/1424,T/JO/860
C/EGD/1425,T/JO/837
C/EGD/1426,T/JO/838
C/EGD/1427,T/JO/841
C/EGD/1428,T/JO/840
C/EGD/1429,T/JO/857
C/EGD/1430,T/JO/836
C/EGD/1431,T/JO/844
C/EGD/1432,T/JO/843
C/EGD/1433,T/JO/842
C/EGD/1434,T/JO/851
C/EGD/1435,T/JO/856
C/EGD/1436,T/JO/855
C/EGD/1437,T/JO/859
C/EGD/1438,T/JO/850
C/EGD/1439,T/JO/848
C/EGD/144,T/LA/882
C/EGD/1461,T/JO/894
C/EGD/1462,T/JO/893
C/EGD/1463,T/JO/892
C/EGD/1464,T/JO/891
C/EGD/1465,T/JO/890
C/EGD/1466,T/JO/889
C/EGD/1467,T/JO/888
C/EGD/1468,T/JO/887
C/EGD/1469,T/JO/886
C/EGD/147,T/LA/978
C/EGD/1470,T/JO/885
C/EGD/1471,T/JO/884
C/EGD/1472,T/JO/901
C/EGD/1473,T/JO/899
C/EGD/1474,T/JO/1000
C/EGD/1475,T/JO/898
C/EGD/1476,T/JO/900
C/EGD/1477,T/JO/897
C/EGD/1478,T/JO/904
C/EGD/1479,T/JO/903
C/EGD/148,T/LA/886
C/EGD/1480,T/JO/902
C/EGD/1481,
C/EGD/1482,
C/EGD/1483,
C/EGD/1484,
C/EGD/1485,
C/EGD/1486,
C/EGD/1487,
C/EGD/1488,
C/EGD/1489,
C/EGD/149,T/LA/52
C/EGD/1490,
C/EGD/1491,T/JO/914
C/EGD/1492,T/JO/913
C/EGD/1493,T/JO/922
C/EGD/1494,T/JO/921
C/EGD/1495,T/JO/920
C/EGD/1496,T/JO/919
C/EGD/1497,T/JO/932
C/EGD/1498,T/JO/931
C/EGD/1499,T/JO/918
C/EGD/15,
C/EGD/150,T/JO/2190
C/EGD/1500,T/JO/917
C/EGD/1501,T/JO/907
C/EGD/1502,T/JO/906
C/EGD/1503,T/JO/911
C/EGD/1504,T/JO/912
C/EGD/1505,T/JO/910
C/EGD/1506,T/JO/947
C/EGD/1507,T/JO/946
C/EGD/1508,T/JO/945
C/EGD/1509,T/JO/944
C/EGD/151,T/LA/227
C/EGD/1510,T/JO/942
C/EGD/1511,T/JO/941
C/EGD/1512,T/JO/940
C/EGD/1513,T/JO/939
C/EGD/1514,T/JO/938
C/EGD/1515,T/JO/937
C/EGD/1516,T/JO/936
C/EGD/1517,T/JO/935
C/EGD/1518,T/JO/934
C/EGD/1519,T/JO/933
C/EGD/152,T/LA/1820
C/EGD/1520,T/JO/949
C/EGD/1521,T/JO/948
C/EGD/1522,T/JO/925
C/EGD/1523,T/JO/924
C/EGD/1525,T/JO/923
C/EGD/1526,T/JO/1892
C/EGD/1527,T/JO/1925
C/EGD/1529,T/JO/929
C/EGD/153,T/LA/53
C/EGD/1530,T/JO/928
C/EGD/1532,T/JO/926
C/EGD/1533,T/JO/1912
C/EGD/1534,T/JO/1933
C/EGD/1535,T/JO/1894
C/EGD/1536,T/JO/1907
C/EGD/1537,T/JO/1906
C/EGD/1538,T/JO/1896
C/EGD/1539,T/JO/1932
C/EGD/154,T/LA/54
C/EGD/1540,T/JO/1901
C/EGD/1541,T/JO/1888
C/EGD/1542,T/JO/1891
C/EGD/1543,T/JO/1898
C/EGD/1544,T/JO/1897
C/EGD/1545,T/JO/1637
C/EGD/1546,T/JO/1899
C/EGD/1547,T/JO/1900
C/EGD/1548,T/JO/1890
C/EGD/1549,T/JO/1889
C/EGD/1550,T/JO/1950
C/EGD/1551,T/JO/957
C/EGD/1552,T/JO/951
C/EGD/1553,T/JO/955
C/EGD/1554,T/JO/956
C/EGD/1555,T/JO/953
C/EGD/1556,T/JO/952
C/EGD/1557,T/JO/1018
C/EGD/1558,T/JO/1001
C/EGD/1559,T/JO/965
C/EGD/156,T/LA/57
C/EGD/1560,T/JO/964
C/EGD/1561,T/JO/963
C/EGD/1562,T/JO/969
C/EGD/1563,T/JO/970
C/EGD/1564,T/JO/960
C/EGD/1565,T/JO/959
C/EGD/1566,T/JO/962
C/EGD/1567,T/JO/961
C/EGD/1568,T/JO/983
C/EGD/1569,T/JO/973
C/EGD/157,T/LA/58
C/EGD/1570,T/JO/972
C/EGD/1571,T/JO/971
C/EGD/1572,T/JO/982
C/EGD/1573,T/JO/980
C/EGD/1574,T/JO/979
C/EGD/1575,T/JO/978
C/EGD/1576,T/JO/977
C/EGD/1577,T/JO/976
C/EGD/1578,T/JO/975
C/EGD/1579,T/JO/974
C/EGD/1580,T/JO/997
C/EGD/1581,T/JO/998
C/EGD/1582,T/JO/1828
C/EGD/1583,T/JO/1676
C/EGD/1584,T/JO/1704
C/EGD/1585,T/JO/1675
C/EGD/1586,T/JO/1707
C/EGD/1587,T/JO/1711
C/EGD/1588,T/JO/1710
C/EGD/1589,T/JO/1709
C/EGD/159,T/LA/8
C/EGD/1590,T/JO/1708
C/EGD/1591,T/JO/1653
C/EGD/1592,T/JO/1658
C/EGD/1593,T/JO/1660
C/EGD/1594,T/JO/1657
C/EGD/1595,T/JO/1656
C/EGD/1596,T/JO/1655
C/EGD/1597,T/JO/396
C/EGD/1598,T/JO/430
C/EGD/16,T/JO/1144
C/EGD/160,T/LA/13
C/EGD/1601,T/LA/401
C/EGD/1602,T/JO/428
C/EGD/1604,T/LA/400
C/EGD/1605,T/LA/1703
C/EGD/1607,T/JO/1640
C/EGD/1608,T/LA/1952
C/EGD/1609,T/LA/1953
C/EGD/1610,T/LA/1955
C/EGD/1611,T/LA/1954
C/EGD/1613,T/JO/1706
C/EGD/1614,T/LA/1956
C/EGD/1615,T/LA/1960
C/EGD/1616,T/LA/1959
C/EGD/1617,T/LA/1958
C/EGD/1618,T/JO/127
C/EGD/1619,T/JO/126
C/EGD/162,T/LA/20
C/EGD/1620,T/JO/129
C/EGD/1621,T/LA/1962
C/EGD/1622,T/JO/132
C/EGD/1623,T/JO/349
C/EGD/1624,T/JO/350
C/EGD/1625,T/JO/128
C/EGD/1626,T/LA/1963
C/EGD/1627,T/JO/1533
C/EGD/1628,T/JO/1532
C/EGD/1629,T/LA/1965
C/EGD/1631,T/JO/136
C/EGD/1632,T/LA/1964
C/EGD/1633,T/JO/360
C/EGD/1634,T/LA/1968
C/EGD/1635,T/LA/1969
C/EGD/1636,T/LA/1976
C/EGD/1637,T/LA/1975
C/EGD/1638,T/LA/1971
C/EGD/1639,T/LA/1970
C/EGD/1641,T/LA/1972
C/EGD/1642,T/LA/1973
C/EGD/1643,T/LA/1974
C/EGD/1644,T/LA/1979
C/EGD/1645,T/LA/1978
C/EGD/1646,T/LA/1981
C/EGD/1647,T/LA/1982
C/EGD/1648,T/JO/352
C/EGD/1649,T/LA/1983
C/EGD/165,T/LA/1272
C/EGD/1650,T/LA/1984
C/EGD/1651,T/JO/351
C/EGD/1652,T/LA/1985
C/EGD/1653,T/LA/1986
C/EGD/1654,T/LA/1988
C/EGD/1656,T/LA/1996
C/EGD/1657,T/LA/1989
C/EGD/1658,T/LA/1990
C/EGD/1659,T/LA/1991
C/EGD/166,T/LA/15
C/EGD/1660,T/LA/1992
C/EGD/1662,T/JO/992
C/EGD/1663,T/JO/991
C/EGD/1664,T/JO/990
C/EGD/1665,T/JO/989
C/EGD/1666,T/JO/988
C/EGD/1667,T/JO/996
C/EGD/1668,T/JO/995
C/EGD/1669,T/JO/994
C/EGD/167,T/LA/88
C/EGD/1670,T/JO/993
C/EGD/1671,T/JO/987
C/EGD/1672,T/JO/986
C/EGD/1673,T/JO/985
C/EGD/1674,T/JO/984
C/EGD/1677,
C/EGD/1678,
C/EGD/1690,T/JO/1014
C/EGD/1691,T/JO/1013
C/EGD/1692,T/JO/1017
C/EGD/1693,T/JO/1016
C/EGD/1694,T/JO/1015
C/EGD/1695,T/JO/895
C/EGD/1696,
C/EGD/1697,
C/EGD/1698,
C/EGD/1699,
C/EGD/17,T/JO/1146
C/EGD/170,T/LA/25
C/EGD/1700,
C/EGD/1701,
C/EGD/1702,
C/EGD/1703,
C/EGD/1704,
C/EGD/1705,
C/EGD/1706,
C/EGD/1707,
C/EGD/1708,
C/EGD/1709,
C/EGD/171,T/LA/27
C/EGD/1710,
C/EGD/1711,
C/EGD/1712,T/JO/1076
C/EGD/1713,T/JO/1075
C/EGD/1714,T/JO/1019
C/EGD/1715,T/JO/772
C/EGD/1716,
C/EGD/1717,T/JO/773
C/EGD/1718,T/JO/780
C/EGD/1719,T/JO/779
C/EGD/172,T/LA/28
C/EGD/1720,T/JO/778
C/EGD/1721,T/JO/777
C/EGD/1722,T/JO/776
C/EGD/1723,T/JO/775
C/EGD/1724,T/JO/774
C/EGD/1725,
C/EGD/1726,T/JO/640
C/EGD/1727,T/LA/1154
C/EGD/1728,T/JO/644
C/EGD/1729,T/LA/1155
C/EGD/173,T/LA/104
C/EGD/1730,T/JO/643
C/EGD/1731,
C/EGD/1733,T/JO/645
C/EGD/1734,T/JO/646
C/EGD/1735,T/JO/648
C/EGD/1736,T/JO/649
C/EGD/1737,T/JO/637
C/EGD/1738,T/JO/638
C/EGD/1739,T/JO/634
C/EGD/1740,T/JO/633
C/EGD/1741,T/LA/225
C/EGD/1742,T/LA/224
C/EGD/1743,T/LA/235
C/EGD/1744,T/JO/619
C/EGD/1745,T/JO/618
C/EGD/1746,T/JO/617
C/EGD/1747,T/JO/615
C/EGD/1748,T/JO/616
C/EGD/1749,T/JO/614
C/EGD/175,T/LA/36
C/EGD/1751,T/JO/625
C/EGD/1752,T/JO/624
C/EGD/1753,T/JO/623
C/EGD/1754,T/JO/622
C/EGD/1755,T/JO/621
C/EGD/1756,T/JO/629
C/EGD/1757,T/JO/626
C/EGD/1758,T/JO/627
C/EGD/1759,T/JO/628
C/EGD/176,T/LA/30
C/EGD/1760,T/JO/630
C/EGD/1761,T/JO/632
C/EGD/1762,T/JO/631
C/EGD/1763,T/JO/598
C/EGD/1764,T/JO/602
C/EGD/1765,T/LA/1435
C/EGD/1766,T/LA/1436
C/EGD/1767,T/JO/599
C/EGD/1768,T/JO/613
C/EGD/1769,T/JO/597
C/EGD/177,T/LA/31
C/EGD/1770,T/LA/1178
C/EGD/1771,
C/EGD/1772,
C/EGD/1773,T/LA/1189
C/EGD/1774,T/LA/1190
C/EGD/1776,
C/EGD/1777,T/LA/1191
C/EGD/1778,T/JO/1131
C/EGD/1779,T/LA/1214
C/EGD/178,T/LA/32
C/EGD/1780,T/JO/1133
C/EGD/1781,T/LA/1199
C/EGD/1782,
C/EGD/1783,
C/EGD/1784,
C/EGD/1785,T/LA/1799
C/EGD/1786,
C/EGD/1787,T/LA/1810
C/EGD/1788,T/LA/1809
C/EGD/1789,T/LA/1808
C/EGD/179,T/LA/29
C/EGD/1790,T/LA/1807
C/EGD/1791,T/LA/1806
C/EGD/1792,T/LA/1804
C/EGD/1793,T/LA/1805
C/EGD/1794,T/LA/1803
C/EGD/1795,T/LA/1802
C/EGD/1796,T/LA/1801
C/EGD/1797,T/LA/1817
C/EGD/1798,T/LA/1816
C/EGD/1799,T/JO/2164
C/EGD/18,T/JO/1145
C/EGD/180,T/LA/38
C/EGD/1801,
C/EGD/1802,
C/EGD/1803,
C/EGD/1804,
C/EGD/1806,
C/EGD/1807,
C/EGD/1808,
C/EGD/1809,T/LA/1553
C/EGD/1810,
C/EGD/1811,
C/EGD/1813,T/JO/1521
C/EGD/1814,
C/EGD/1815,
C/EGD/1816,
C/EGD/1817,T/LA/2224
C/EGD/1818,T/JO/1118
C/EGD/1819,T/JO/1113
C/EGD/1820,T/JO/1117
C/EGD/1821,T/JO/1116
C/EGD/1822,T/JO/1115
C/EGD/1823,T/JO/1256
C/EGD/1825,T/JO/1257
C/EGD/1826,
C/EGD/1827,T/JO/788
C/EGD/1828,T/JO/789
C/EGD/1829,T/LA/1752
C/EGD/183,T/LA/40
C/EGD/1830,T/LA/1751
C/EGD/1831,T/LA/1764
C/EGD/1846,
C/EGD/1847,
C/EGD/1848,T/JO/1210
C/EGD/1849,
C/EGD/1850,T/JO/386
C/EGD/1851,
C/EGD/1852,
C/EGD/1853,
C/EGD/1854,T/JO/1639
C/EGD/1855,T/JO/1213
C/EGD/1856,T/JO/1214
C/EGD/1857,
C/EGD/1858,T/LA/1728
C/EGD/1859,T/JO/582
C/EGD/186,T/LA/1551
C/EGD/1860,T/JO/584
C/EGD/1861,T/JO/574
C/EGD/1862,T/JO/577
C/EGD/1863,
C/EGD/1864,
C/EGD/1865,
C/EGD/1866,T/JO/1177
C/EGD/1867,T/JO/2205
C/EGD/1868,T/JO/1443
C/EGD/1869,
C/EGD/187,T/LA/1558
C/EGD/1870,
C/EGD/1871,
C/EGD/1872,
C/EGD/1874,
C/EGD/1875,
C/EGD/1876,T/LA/1616
C/EGD/1878,T/LA/1414
C/EGD/1879,
C/EGD/188,T/LA/1540
C/EGD/1880,
C/EGD/1881,T/JO/1878
C/EGD/1882,
C/EGD/1883,
C/EGD/1885,
C/EGD/1886,
C/EGD/1887,
C/EGD/1888,T/JO/1951
C/EGD/1889,T/JO/1952
C/EGD/189,T/LA/1556
C/EGD/1890,
C/EGD/1892,
C/EGD/1893,
C/EGD/1894,
C/EGD/1895,
C/EGD/1896,
C/EGD/1897,
C/EGD/1898,
C/EGD/1899,T/LA/1477
C/EGD/190,T/LA/1557
C/EGD/1900,
C/EGD/1901,
C/EGD/1902,
C/EGD/1903,
C/EGD/1904,T/JO/1694
C/EGD/1905,
C/EGD/1906,T/JO/1136
C/EGD/1907,
C/EGD/1908,
C/EGD/1909,
C/EGD/191,T/LA/1539
C/EGD/1911,T/JO/608
C/EGD/1912,T/JO/607
C/EGD/1913,T/LA/1467
C/EGD/1914,T/JO/605
C/EGD/1915,T/JO/604
C/EGD/1916,T/LA/1468
C/EGD/1918,
C/EGD/1919,
C/EGD/192,T/LA/1554
C/EGD/1920,
C/EGD/1921,
C/EGD/1922,
C/EGD/1923,
C/EGD/1924,T/JO/869
C/EGD/1925,
C/EGD/1926,
C/EGD/1927,
C/EGD/1928,
C/EGD/193,T/LA/1538
C/EGD/1930,
C/EGD/1931,T/JO/1168
C/EGD/1932,
C/EGD/1933,
C/EGD/1934,
C/EGD/1935,T/JO/1132
C/EGD/1936,
C/EGD/1937,
C/EGD/1938,
C/EGD/1939,
C/EGD/1940,
C/EGD/1941,
C/EGD/1942,
C/EGD/1943,
C/EGD/1944,
C/EGD/1945,
C/EGD/1946,
C/EGD/1947,
C/EGD/1949,T/JO/2168
C/EGD/195,T/LA/1536
C/EGD/1950,T/LA/328
C/EGD/1951,T/JO/1803
C/EGD/1952,T/JO/1802
C/EGD/1953,T/JO/1819
C/EGD/1954,T/LA/318
C/EGD/1955,T/JO/1818
C/EGD/1956,T/JO/1810
C/EGD/1957,T/JO/1827
C/EGD/1959,T/JO/1808
C/EGD/196,T/LA/1535
C/EGD/1960,T/JO/1807
C/EGD/1961,T/JO/1806
C/EGD/1962,T/JO/1805
C/EGD/1963,T/JO/1823
C/EGD/1964,T/JO/1822
C/EGD/1965,T/JO/1821
C/EGD/1966,T/JO/1820
C/EGD/1967,T/JO/1825
C/EGD/1968,T/JO/1824
C/EGD/1969,T/JO/1826
C/EGD/197,T/LA/1534
C/EGD/1970,T/LA/1993
C/EGD/1971,T/LA/1994
C/EGD/1972,T/LA/1995
C/EGD/1973,T/LA/1987
C/EGD/1974,T/LA/2003
C/EGD/1975,T/LA/2002
C/EGD/1976,T/LA/2001
C/EGD/1977,T/LA/2000
C/EGD/1978,T/LA/1998
C/EGD/1979,T/LA/1999
C/EGD/198,T/LA/1546
C/EGD/1980,T/LA/1997
C/EGD/1981,T/LA/2004
C/EGD/1982,T/LA/2005
C/EGD/1983,T/LA/1961
C/EGD/1984,T/JO/359
C/EGD/1985,T/JO/361
C/EGD/1986,T/JO/362
C/EGD/1987,T/LA/2006
C/EGD/1988,T/LA/2012
C/EGD/1989,T/JO/367
C/EGD/199,T/LA/1560
C/EGD/1990,T/JO/368
C/EGD/1991,T/LA/2010
C/EGD/1992,T/JO/366
C/EGD/1993,T/LA/2008
C/EGD/1994,T/LA/2009
C/EGD/1995,T/LA/2011
C/EGD/1996,T/LA/2031
C/EGD/1997,T/LA/2047
C/EGD/1998,T/LA/2036
C/EGD/1999,T/LA/2024
C/EGD/20,T/JO/1705
C/EGD/200,T/LA/1531
C/EGD/2000,T/LA/2027
C/EGD/2001,T/LA/2028
C/EGD/2002,T/LA/2022
C/EGD/2003,T/LA/2021
C/EGD/2004,T/LA/2042
C/EGD/2005,T/JO/579
C/EGD/2006,T/LA/2034
C/EGD/2007,T/LA/2044
C/EGD/2008,T/LA/2025
C/EGD/2009,T/LA/2019
C/EGD/201,T/LA/1532
C/EGD/2010,T/LA/2045
C/EGD/2011,T/JO/1201
C/EGD/2012,T/LA/2041
C/EGD/2013,T/LA/2049
C/EGD/2014,T/LA/2052
C/EGD/2015,T/LA/2046
C/EGD/2016,T/LA/2055
C/EGD/2017,T/LA/2056
C/EGD/2018,T/LA/2035
C/EGD/2019,T/LA/2023
C/EGD/202,T/LA/1533
C/EGD/2020,T/LA/2026
C/EGD/2021,T/LA/2039
C/EGD/2022,T/LA/2038
C/EGD/2023,T/JO/581
C/EGD/2024,T/LA/2048
C/EGD/2025,T/LA/2030
C/EGD/2026,T/JO/1838
C/EGD/2027,T/LA/2032
C/EGD/2028,T/LA/2051
C/EGD/2029,T/LA/2043
C/EGD/203,T/LA/1528
C/EGD/2030,T/LA/2037
C/EGD/2031,T/LA/2017
C/EGD/2032,T/LA/2018
C/EGD/2033,T/LA/2040
C/EGD/2034,T/LA/2066
C/EGD/2035,T/LA/2065
C/EGD/2036,T/LA/2064
C/EGD/2037,T/LA/2067
C/EGD/2038,T/LA/1750
C/EGD/204,T/LA/1549
C/EGD/2040,T/LA/2068
C/EGD/2041,T/LA/2081
C/EGD/2042,T/LA/2069
C/EGD/2043,
C/EGD/2044,T/LA/2080
C/EGD/2045,T/LA/2079
C/EGD/2046,T/JO/538
C/EGD/2047,T/LA/2074
C/EGD/2048,T/LA/2075
C/EGD/2049,T/LA/2076
C/EGD/205,T/LA/1555
C/EGD/2050,T/LA/2077
C/EGD/2051,T/LA/2078
C/EGD/2052,T/LA/2085
C/EGD/2053,T/LA/2083
C/EGD/2054,T/LA/2084
C/EGD/2055,T/LA/2072
C/EGD/2056,T/LA/2073
C/EGD/2057,T/LA/2071
C/EGD/2058,T/LA/2082
C/EGD/2059,T/LA/2070
C/EGD/206,T/LA/1550
C/EGD/2060,T/LA/2020
C/EGD/2061,T/LA/2050
C/EGD/2062,T/LA/2058
C/EGD/2063,T/JO/140
C/EGD/2064,T/LA/2057
C/EGD/2065,T/JO/139
C/EGD/2067,T/LA/2059
C/EGD/2068,T/LA/2060
C/EGD/2069,T/LA/2062
C/EGD/207,T/LA/1547
C/EGD/2070,T/LA/2061
C/EGD/2071,T/LA/2063
C/EGD/2072,T/JO/145
C/EGD/2073,
C/EGD/2074,
C/EGD/2075,
C/EGD/2076,
C/EGD/2078,
C/EGD/208,T/LA/1506
C/EGD/2082,
C/EGD/2083,
C/EGD/2084,
C/EGD/2085,T/JO/1273
C/EGD/2086,T/JO/1274
C/EGD/2087,T/JO/1275
C/EGD/2088,T/JO/1276
C/EGD/2089,
C/EGD/2090,
C/EGD/2091,
C/EGD/2093,
C/EGD/2095,
C/EGD/2098,
C/EGD/2099,
C/EGD/21,T/JO/1712
C/EGD/211,T/LA/1504
C/EGD/2110,
C/EGD/2111,
C/EGD/2113,
C/EGD/2114,
C/EGD/2115,
C/EGD/2116,
C/EGD/2118,
C/EGD/2119,T/JO/74
C/EGD/212,T/LA/1503
C/EGD/2120,T/JO/4
C/EGD/2121,T/JO/85
C/EGD/2122,T/JO/1323
C/EGD/2123,T/JO/1324
C/EGD/2124,T/JO/75
C/EGD/2125,T/JO/83
C/EGD/2126,T/JO/84
C/EGD/2127,T/JO/76
C/EGD/2128,T/JO/1320
C/EGD/2129,T/LA/1741
C/EGD/213,T/LA/1505
C/EGD/2130,T/JO/2206
C/EGD/2131,T/JO/1319
C/EGD/2132,
C/EGD/2134,T/JO/1505
C/EGD/2135,T/JO/1508
C/EGD/2136,T/JO/1507
C/EGD/2137,T/JO/1504
C/EGD/2138,T/JO/1543
C/EGD/2139,
C/EGD/214,T/JO/535
C/EGD/2140,T/JO/1510
C/EGD/2141,T/JO/1325
C/EGD/2142,T/JO/1492
C/EGD/2143,T/JO/1493
C/EGD/2144,T/JO/1494
C/EGD/2145,T/JO/1490
C/EGD/2146,T/JO/1495
C/EGD/2147,T/JO/1491
C/EGD/2148,T/JO/1488
C/EGD/2149,T/JO/1489
C/EGD/2150,T/JO/203
C/EGD/2151,T/JO/1294
C/EGD/2152,T/JO/1296
C/EGD/2153,T/JO/1261
C/EGD/2154,T/LA/2222
C/EGD/2155,T/JO/1498
C/EGD/2156,T/JO/1502
C/EGD/2157,T/JO/1500
C/EGD/2158,T/JO/1496
C/EGD/2159,T/JO/1300
C/EGD/2160,T/JO/1303
C/EGD/2161,T/JO/2207
C/EGD/2162,T/JO/1315
C/EGD/2163,T/JO/1308
C/EGD/2165,
C/EGD/2166,
C/EGD/2167,T/JO/1299
C/EGD/2168,T/JO/1305
C/EGD/217,T/LA/1501
C/EGD/2170,T/JO/1551
C/EGD/2171,T/JO/1954
C/EGD/2172,T/JO/1309
C/EGD/2173,T/JO/1307
C/EGD/2174,T/JO/2209
C/EGD/2177,
C/EGD/2178,
C/EGD/2179,
C/EGD/2180,
C/EGD/2181,
C/EGD/2183,
C/EGD/2185,
C/EGD/2186,
C/EGD/2187,
C/EGD/2188,
C/EGD/2189,
C/EGD/219,T/JO/534
C/EGD/2190,
C/EGD/2191,T/JO/1259
C/EGD/2192,
C/EGD/2193,
C/EGD/2194,T/JO/822
C/EGD/2195,T/JO/1263
C/EGD/2196,
C/EGD/2197,
C/EGD/2198,
C/EGD/2199,
C/EGD/22,T/JO/1789
C/EGD/2200,
C/EGD/2201,T/LA/1427
C/EGD/2202,
C/EGD/2203,
C/EGD/2204,
C/EGD/2205,
C/EGD/2206,
C/EGD/2207,
C/EGD/2208,T/LA/1406
C/EGD/2209,
C/EGD/221,T/JO/536
C/EGD/2210,T/LA/1417
C/EGD/2211,T/LA/2194
C/EGD/2212,T/LA/1409
C/EGD/2213,T/LA/1430
C/EGD/2214,T/LA/1428
C/EGD/2215,T/LA/1421
C/EGD/2216,T/LA/1424
C/EGD/2217,
C/EGD/2218,
C/EGD/2219,T/LA/1412
C/EGD/222,T/LA/1946
C/EGD/2220,T/LA/1410
C/EGD/2221,
C/EGD/2222,
C/EGD/2223,T/LA/1426
C/EGD/2224,
C/EGD/2225,T/LA/1429
C/EGD/2226,
C/EGD/2227,T/JO/1433
C/EGD/2228,
C/EGD/2229,
C/EGD/223,
C/EGD/2230,
C/EGD/2231,T/JO/1107
C/EGD/2233,
C/EGD/2234,T/LA/1418
C/EGD/2235,T/JO/2214
C/EGD/2236,
C/EGD/2237,
C/EGD/2238,
C/EGD/2239,
C/EGD/224,
C/EGD/2240,
C/EGD/2241,
C/EGD/2242,
C/EGD/2244,T/LA/1407
C/EGD/2245,T/LA/1415
C/EGD/2246,
C/EGD/2247,
C/EGD/2248,
C/EGD/2249,
C/EGD/225,
C/EGD/2250,
C/EGD/2251,
C/EGD/2252,
C/EGD/2253,
C/EGD/2254,T/LA/1431
C/EGD/2255,T/LA/1422
C/EGD/2256,T/LA/1432
C/EGD/2257,T/LA/1420
C/EGD/2258,
C/EGD/2259,T/JO/1180
C/EGD/2260,T/JO/1181
C/EGD/2261,
C/EGD/2262,T/JO/1468
C/EGD/2263,T/LA/1423
C/EGD/2264,T/LA/1408
C/EGD/2265,T/LA/2130
C/EGD/2266,T/JO/1266
C/EGD/2267,T/JO/1182
C/EGD/2268,T/JO/1267
C/EGD/2269,T/JO/1185
C/EGD/227,T/LA/1118
C/EGD/2270,T/JO/1184
C/EGD/2271,T/JO/1186
C/EGD/2273,
C/EGD/2274,
C/EGD/2275,
C/EGD/2276,
C/EGD/2277,T/JO/572
C/EGD/2278,
C/EGD/2279,
C/EGD/228,T/LA/1116
C/EGD/2280,
C/EGD/2281,T/JO/1110
C/EGD/2282,T/LA/35
C/EGD/2283,
C/EGD/2284,
C/EGD/2285,T/JO/1398
C/EGD/2286,T/JO/1399
C/EGD/2287,T/JO/1397
C/EGD/2288,T/LA/1419
C/EGD/2289,T/JO/1401
C/EGD/229,
C/EGD/2290,
C/EGD/2291,
C/EGD/2292,
C/EGD/2294,
C/EGD/2295,
C/EGD/2296,T/JO/1194
C/EGD/2297,
C/EGD/2299,
C/EGD/23,T/JO/1790
C/EGD/230,T/LA/1568
C/EGD/2300,
C/EGD/2301,
C/EGD/2302,
C/EGD/2303,
C/EGD/2304,
C/EGD/2305,
C/EGD/2306,T/JO/1395
C/EGD/2307,T/JO/1396
C/EGD/2308,
C/EGD/2309,
C/EGD/2310,
C/EGD/2311,T/LA/1508
C/EGD/2312,T/JO/1403
C/EGD/2313,T/JO/1422
C/EGD/2314,
C/EGD/2315,
C/EGD/2316,
C/EGD/2317,
C/EGD/2318,T/JO/516
C/EGD/2319,T/JO/1268
C/EGD/232,
C/EGD/2320,
C/EGD/2321,
C/EGD/2322,
C/EGD/2323,
C/EGD/2324,
C/EGD/2325,
C/EGD/2326,
C/EGD/2327,T/JO/1421
C/EGD/2328,
C/EGD/233,
C/EGD/2330,
C/EGD/2331,
C/EGD/2332,
C/EGD/2333,
C/EGD/2334,
C/EGD/2335,
C/EGD/2336,T/JO/541
C/EGD/2337,T/JO/525
C/EGD/2338,T/JO/526
C/EGD/2339,T/JO/518
C/EGD/234,
C/EGD/2340,T/JO/517
C/EGD/2341,T/JO/521
C/EGD/2342,
C/EGD/2343,
C/EGD/2344,T/JO/522
C/EGD/2345,
C/EGD/2346,T/JO/543
C/EGD/2347,T/JO/544
C/EGD/2348,
C/EGD/2349,
C/EGD/235,T/LA/1947
C/EGD/2350,T/JO/1190
C/EGD/2351,
C/EGD/2352,
C/EGD/2353,
C/EGD/2354,T/JO/1191
C/EGD/2356,T/JO/1111
C/EGD/2357,
C/EGD/2358,T/JO/2210
C/EGD/2359,T/JO/2211
C/EGD/236,
C/EGD/2360,T/JO/2212
C/EGD/2361,T/JO/1265
C/EGD/2362,T/JO/1264
C/EGD/2363,T/JO/1172
C/EGD/2364,T/JO/2216
C/EGD/2365,
C/EGD/2367,T/JO/1528
C/EGD/2368,
C/EGD/2369,T/JO/1535
C/EGD/237,T/LA/1948
C/EGD/2370,
C/EGD/2371,
C/EGD/2372,
C/EGD/2373,T/JO/1529
C/EGD/2374,T/JO/1534
C/EGD/2375,
C/EGD/2376,
C/EGD/2377,
C/EGD/2378,
C/EGD/2379,T/JO/1127
C/EGD/238,T/LA/1290
C/EGD/2380,T/JO/1125
C/EGD/2381,T/JO/1126
C/EGD/2382,T/JO/1128
C/EGD/2383,
C/EGD/2384,T/JO/787
C/EGD/2385,
C/EGD/2386,T/JO/2276
C/EGD/2387,T/JO/1206
C/EGD/2388,T/LA/2033
C/EGD/2389,
C/EGD/239,T/LA/1574
C/EGD/2390,
C/EGD/2391,
C/EGD/2394,T/JO/1635
C/EGD/2395,
C/EGD/2398,T/JO/1652
C/EGD/2399,
C/EGD/24,T/JO/2166
C/EGD/240,T/LA/1572
C/EGD/2400,T/JO/1638
C/EGD/2401,T/JO/1636
C/EGD/2402,
C/EGD/2403,
C/EGD/2404,
C/EGD/2405,
C/EGD/2406,
C/EGD/2407,
C/EGD/2408,
C/EGD/2409,
C/EGD/241,T/LA/1571
C/EGD/2410,T/JO/872
C/EGD/2411,T/JO/1212
C/EGD/2412,
C/EGD/2413,
C/EGD/2414,
C/EGD/2415,
C/EGD/2416,
C/EGD/2417,
C/EGD/2418,
C/EGD/2419,
C/EGD/242,T/LA/1573
C/EGD/2420,
C/EGD/2421,
C/EGD/2422,
C/EGD/2423,T/JO/1662
C/EGD/2424,
C/EGD/2425,T/JO/1669
C/EGD/2426,T/JO/1670
C/EGD/2427,T/JO/1671
C/EGD/2429,
C/EGD/243,T/LA/1570
C/EGD/2430,
C/EGD/2431,
C/EGD/2432,
C/EGD/2433,
C/EGD/2434,
C/EGD/2435,
C/EGD/2436,
C/EGD/2437,
C/EGD/2438,
C/EGD/2439,
C/EGD/244,T/LA/1604
C/EGD/2440,
C/EGD/2441,
C/EGD/2442,
C/EGD/2443,
C/EGD/2444,T/JO/592
C/EGD/2445,
C/EGD/2446,T/JO/1701
C/EGD/2447,
C/EGD/2448,
C/EGD/2449,
C/EGD/245,T/LA/1603
C/EGD/2450,
C/EGD/2451,
C/EGD/2452,T/LA/1813
C/EGD/2453,T/JO/1077
C/EGD/2454,
C/EGD/2455,
C/EGD/2456,
C/EGD/2457,
C/EGD/2458,
C/EGD/2459,
C/EGD/246,T/LA/1602
C/EGD/2460,
C/EGD/2461,T/JO/1271
C/EGD/2462,T/JO/1272
C/EGD/2463,
C/EGD/2464,
C/EGD/2465,
C/EGD/2466,
C/EGD/2467,
C/EGD/2468,
C/EGD/2469,
C/EGD/247,T/LA/1601
C/EGD/2470,
C/EGD/2471,T/JO/1109
C/EGD/2473,
C/EGD/2474,
C/EGD/2475,T/LA/2231
C/EGD/2476,T/LA/2232
C/EGD/2477,T/LA/2233
C/EGD/2478,T/LA/1405
C/EGD/248,T/LA/1600
C/EGD/2480,
C/EGD/2481,
C/EGD/249,T/LA/1599
C/EGD/2494,
C/EGD/2496,
C/EGD/25,T/JO/2167
C/EGD/250,T/LA/1597
C/EGD/2501,T/JO/1684
C/EGD/2502,T/JO/1686
C/EGD/2503,T/JO/1685
C/EGD/2504,
C/EGD/2505,
C/EGD/2506,
C/EGD/2507,
C/EGD/2508,
C/EGD/2509,
C/EGD/251,T/LA/1596
C/EGD/2510,
C/EGD/2511,T/JO/1687
C/EGD/2512,T/JO/1688
C/EGD/2513,T/JO/1689
C/EGD/2514,T/JO/2218
C/EGD/2515,T/JO/2219
C/EGD/2516,T/JO/2220
C/EGD/2517,T/JO/1693
C/EGD/2518,
C/EGD/252,T/LA/1598
C/EGD/2521,
C/EGD/2522,
C/EGD/2524,
C/EGD/2527,
C/EGD/2529,
C/EGD/253,T/LA/1491
C/EGD/2530,
C/EGD/2531,
C/EGD/2532,
C/EGD/2533,T/JO/943
C/EGD/2534,T/JO/2217
C/EGD/2535,T/JO/2221
C/EGD/2536,T/LA/1814
C/EGD/2537,T/LA/1815
C/EGD/2538,T/JO/1198
C/EGD/2539,
C/EGD/254,T/LA/1595
C/EGD/2540,T/JO/1183
C/EGD/2541,T/JO/1187
C/EGD/2542,
C/EGD/2543,
C/EGD/2544,
C/EGD/2545,
C/EGD/2546,T/JO/1188
C/EGD/2547,T/JO/1193
C/EGD/2548,T/JO/1192
C/EGD/2549,T/JO/1195
C/EGD/255,T/LA/1606
C/EGD/2550,T/JO/1197
C/EGD/2551,T/JO/1196
C/EGD/2552,
C/EGD/2554,
C/EGD/2555,T/JO/2105
C/EGD/2556,
C/EGD/2557,T/JO/2106
C/EGD/2558,T/JO/2107
C/EGD/2559,T/JO/2104
C/EGD/256,T/LA/1593
C/EGD/2560,T/JO/2108
C/EGD/2561,T/JO/2109
C/EGD/2562,T/JO/2110
C/EGD/2563,T/JO/2111
C/EGD/2564,
C/EGD/2565,T/JO/2112
C/EGD/2566,T/JO/2113
C/EGD/2568,
C/EGD/257,T/LA/1592
C/EGD/2570,
C/EGD/2571,
C/EGD/2572,
C/EGD/2574,
C/EGD/2575,
C/EGD/2576,
C/EGD/2577,
C/EGD/2578,
C/EGD/2579,
C/EGD/258,T/LA/1591
C/EGD/2580,
C/EGD/2581,
C/EGD/2582,
C/EGD/2583,
C/EGD/2584,
C/EGD/2585,
C/EGD/2589,
C/EGD/259,T/LA/1590
C/EGD/2590,
C/EGD/2591,T/LA/1541
C/EGD/2592,
C/EGD/2594,
C/EGD/2595,
C/EGD/2596,
C/EGD/2597,
C/EGD/2598,
C/EGD/2599,
C/EGD/260,T/LA/1589
C/EGD/2600,
C/EGD/2601,
C/EGD/2602,
C/EGD/2603,T/LA/1951
C/EGD/2604,
C/EGD/2605,
C/EGD/2606,
C/EGD/2607,
C/EGD/2608,
C/EGD/2609,
C/EGD/261,T/LA/1588
C/EGD/2610,T/JO/1536
C/EGD/2611,T/JO/1537
C/EGD/2612,T/LA/1543
C/EGD/2613,T/LA/1545
C/EGD/2614,T/LA/1544
C/EGD/2616,
C/EGD/2617,
C/EGD/2618,
C/EGD/2619,T/JO/1176
C/EGD/262,T/LA/1587
C/EGD/2620,
C/EGD/2621,
C/EGD/2622,
C/EGD/2623,
C/EGD/2624,
C/EGD/2625,
C/EGD/2626,
C/EGD/2627,
C/EGD/2628,
C/EGD/2629,
C/EGD/263,T/LA/1586
C/EGD/2631,
C/EGD/264,T/LA/1579
C/EGD/266,T/LA/1561
C/EGD/267,T/LA/1580
C/EGD/268,T/LA/1581
C/EGD/269,T/LA/1582
C/EGD/27,T/LA/1819
C/EGD/270,T/LA/1583
C/EGD/271,T/LA/1584
C/EGD/272,T/LA/1585
C/EGD/273,T/LA/1121
C/EGD/276,T/LA/1575
C/EGD/277,T/LA/1576
C/EGD/278,T/LA/1577
C/EGD/279,T/LA/1578
C/EGD/28,T/LA/1729
C/EGD/280,T/LA/1128
C/EGD/283,T/LA/1614
C/EGD/284,T/LA/1613
C/EGD/286,T/LA/1615
C/EGD/287,T/LA/1611
C/EGD/289,T/LA/1612
C/EGD/29,T/LA/1008
C/EGD/291,T/LA/1294
C/EGD/292,T/LA/1295
C/EGD/293,T/JO/1487
C/EGD/294,T/LA/1296
C/EGD/295,T/JO/1477
C/EGD/308,T/LA/1136
C/EGD/309,T/LA/1627
C/EGD/31,T/LA/1010
C/EGD/310,T/LA/1625
C/EGD/311,T/LA/1621
C/EGD/312,T/LA/1623
C/EGD/313,T/LA/1628
C/EGD/314,T/LA/1619
C/EGD/315,T/LA/1139
C/EGD/316,T/LA/1131
C/EGD/317,T/LA/1130
C/EGD/318,T/LA/1630
C/EGD/319,T/LA/1629
C/EGD/32,T/LA/1011
C/EGD/320,T/LA/1618
C/EGD/322,T/LA/1710
C/EGD/323,T/LA/1689
C/EGD/324,T/LA/1693
C/EGD/325,T/LA/1698
C/EGD/326,T/LA/1725
C/EGD/327,T/LA/1688
C/EGD/328,T/LA/1694
C/EGD/329,T/LA/1697
C/EGD/33,T/LA/1640
C/EGD/330,T/LA/1695
C/EGD/331,T/LA/1696
C/EGD/332,T/LA/1704
C/EGD/333,T/LA/1707
C/EGD/334,T/LA/1708
C/EGD/335,T/LA/378
C/EGD/336,T/LA/1724
C/EGD/337,T/LA/9
C/EGD/338,T/LA/1687
C/EGD/339,T/LA/1712
C/EGD/34,T/LA/869
C/EGD/340,T/LA/1713
C/EGD/341,T/LA/1705
C/EGD/342,T/LA/1726
C/EGD/343,T/LA/1723
C/EGD/344,T/LA/1719
C/EGD/345,T/LA/1722
C/EGD/346,T/LA/1699
C/EGD/347,T/LA/1720
C/EGD/348,T/LA/1714
C/EGD/349,T/LA/1721
C/EGD/35,T/LA/891
C/EGD/350,T/LA/1700
C/EGD/351,T/LA/1914
C/EGD/352,T/LA/1681
C/EGD/353,T/LA/1718
C/EGD/354,T/LA/1701
C/EGD/355,T/LA/1133
C/EGD/357,T/LA/1135
C/EGD/358,T/LA/1727
C/EGD/359,T/LA/392
C/EGD/36,T/LA/892
C/EGD/360,T/LA/393
C/EGD/361,
C/EGD/363,T/LA/286
C/EGD/364,T/LA/411
C/EGD/365,T/LA/410
C/EGD/366,T/LA/402
C/EGD/368,
C/EGD/369,
C/EGD/370,T/LA/266
C/EGD/371,T/LA/263
C/EGD/372,T/LA/262
C/EGD/373,T/LA/265
C/EGD/374,T/LA/264
C/EGD/377,T/LA/414
C/EGD/378,T/LA/374
C/EGD/38,
C/EGD/380,T/LA/293
C/EGD/381,T/LA/298
C/EGD/382,T/LA/299
C/EGD/383,T/LA/332
C/EGD/384,T/LA/297
C/EGD/385,T/LA/292
C/EGD/386,T/LA/308
C/EGD/387,T/LA/385
C/EGD/388,T/LA/304
C/EGD/389,T/LA/306
C/EGD/39,T/LA/90
C/EGD/390,T/LA/303
C/EGD/391,T/LA/307
C/EGD/392,T/LA/384
C/EGD/395,T/LA/313
C/EGD/396,T/JO/403
C/EGD/397,T/LA/314
C/EGD/398,T/LA/312
C/EGD/40,T/LA/903
C/EGD/400,T/LA/261
C/EGD/401,T/LA/324
C/EGD/402,T/LA/319
C/EGD/404,T/LA/394
C/EGD/406,T/LA/412
C/EGD/407,T/LA/323
C/EGD/408,T/LA/322
C/EGD/409,T/LA/325
C/EGD/41,T/LA/907
C/EGD/411,T/LA/321
C/EGD/412,
C/EGD/413,
C/EGD/415,T/LA/395
C/EGD/416,
C/EGD/417,T/JO/416
C/EGD/418,T/LA/386
C/EGD/42,T/LA/905
C/EGD/420,T/LA/387
C/EGD/422,T/LA/391
C/EGD/423,
C/EGD/425,
C/EGD/426,T/LA/399
C/EGD/427,T/LA/398
C/EGD/428,
C/EGD/43,T/LA/904
C/EGD/430,
C/EGD/431,
C/EGD/432,T/JO/432
C/EGD/434,T/LA/326
C/EGD/435,T/LA/1313
C/EGD/436,T/LA/1825
C/EGD/437,T/LA/1826
C/EGD/438,T/LA/1827
C/EGD/439,T/LA/1828
C/EGD/44,T/LA/906
C/EGD/440,T/LA/1829
C/EGD/441,T/LA/1830
C/EGD/442,T/LA/1831
C/EGD/443,T/LA/1832
C/EGD/444,T/LA/1833
C/EGD/445,T/LA/1834
C/EGD/446,T/LA/1835
C/EGD/447,T/LA/1836
C/EGD/448,T/LA/1837
C/EGD/449,T/LA/1838
C/EGD/45,T/LA/895
C/EGD/450,T/LA/1839
C/EGD/451,T/LA/1840
C/EGD/452,T/LA/1841
C/EGD/453,T/LA/1842
C/EGD/454,T/LA/1843
C/EGD/455,T/LA/1844
C/EGD/456,T/LA/1845
C/EGD/457,T/LA/1846
C/EGD/458,T/LA/1847
C/EGD/459,T/LA/1848
C/EGD/46,T/LA/896
C/EGD/460,T/LA/1849
C/EGD/461,T/LA/1850
C/EGD/462,T/LA/1851
C/EGD/463,T/LA/1852
C/EGD/464,T/LA/1853
C/EGD/465,T/LA/1854
C/EGD/466,T/LA/1855
C/EGD/467,T/LA/1856
C/EGD/468,T/LA/1857
C/EGD/469,T/LA/1858
C/EGD/47,T/LA/897
C/EGD/470,T/LA/1859
C/EGD/471,T/LA/1860
C/EGD/472,T/LA/1861
C/EGD/473,T/LA/1862
C/EGD/475,T/LA/1866
C/EGD/476,T/LA/1864
C/EGD/477,T/LA/1364
C/EGD/478,T/LA/1363
C/EGD/479,T/LA/1361
C/EGD/490,T/LA/1352
C/EGD/491,T/LA/1350
C/EGD/492,T/LA/1349
C/EGD/493,T/LA/1314
C/EGD/494,T/LA/1049
C/EGD/495,T/LA/1322
C/EGD/496,T/LA/1321
C/EGD/497,T/LA/1320
C/EGD/498,T/LA/1318
C/EGD/499,T/LA/1315
C/EGD/5,
C/EGD/50,T/LA/900
C/EGD/500,T/LA/327
C/EGD/503,T/LA/1336
C/EGD/504,T/LA/1345
C/EGD/505,T/LA/1344
C/EGD/506,T/LA/1343
C/EGD/507,T/LA/1342
C/EGD/508,T/LA/1341
C/EGD/509,T/LA/1340
C/EGD/51,T/LA/901
C/EGD/510,T/LA/1339
C/EGD/511,T/LA/1338
C/EGD/512,T/LA/1337
C/EGD/513,T/LA/1334
C/EGD/514,T/LA/1333
C/EGD/515,T/LA/1332
C/EGD/516,T/LA/1051
C/EGD/517,T/JO/1830
C/EGD/518,T/LA/1317
C/EGD/519,T/LA/330
C/EGD/52,T/LA/916
C/EGD/520,T/LA/1331
C/EGD/521,T/LA/1330
C/EGD/522,T/LA/1329
C/EGD/523,T/LA/1052
C/EGD/524,T/LA/1328
C/EGD/525,T/LA/329
C/EGD/526,T/LA/1316
C/EGD/527,T/LA/1327
C/EGD/528,T/LA/1326
C/EGD/529,T/LA/1325
C/EGD/53,T/LA/912
C/EGD/530,T/LA/1324
C/EGD/531,T/LA/390
C/EGD/532,T/LA/1394
C/EGD/533,T/LA/1393
C/EGD/534,T/LA/1392
C/EGD/535,T/LA/1391
C/EGD/536,T/LA/1390
C/EGD/537,T/LA/1389
C/EGD/538,T/LA/1388
C/EGD/539,T/LA/1387
C/EGD/54,T/LA/910
C/EGD/540,
C/EGD/541,T/LA/1386
C/EGD/542,T/LA/1385
C/EGD/543,T/LA/1384
C/EGD/544,T/LA/1383
C/EGD/545,T/LA/1382
C/EGD/546,T/LA/1381
C/EGD/547,
C/EGD/548,
C/EGD/549,T/LA/1380
C/EGD/55,T/LA/915
C/EGD/550,T/LA/1379
C/EGD/551,T/LA/1378
C/EGD/552,T/LA/1377
C/EGD/554,T/LA/1376
C/EGD/555,T/LA/1375
C/EGD/556,T/LA/1373
C/EGD/557,T/LA/1374
C/EGD/558,T/LA/1370
C/EGD/559,T/LA/1371
C/EGD/56,T/LA/911
C/EGD/560,T/LA/1372
C/EGD/561,T/LA/1368
C/EGD/562,T/LA/1367
C/EGD/563,T/LA/1366
C/EGD/565,
C/EGD/566,T/LA/1365
C/EGD/567,T/LA/1347
C/EGD/568,T/LA/1323
C/EGD/569,T/LA/1335
C/EGD/57,T/LA/889
C/EGD/572,T/LA/1348
C/EGD/573,T/LA/1107
C/EGD/574,T/LA/1433
C/EGD/575,
C/EGD/576,T/LA/769
C/EGD/577,T/LA/770
C/EGD/578,
C/EGD/579,
C/EGD/58,T/LA/914
C/EGD/580,
C/EGD/581,
C/EGD/584,T/LA/1153
C/EGD/586,T/LA/1908
C/EGD/587,T/LA/1161
C/EGD/588,T/LA/1162
C/EGD/589,T/LA/772
C/EGD/59,T/LA/986
C/EGD/590,T/LA/771
C/EGD/591,T/LA/773
C/EGD/592,T/LA/774
C/EGD/594,T/LA/1907
C/EGD/595,
C/EGD/596,T/LA/1910
C/EGD/597,T/LA/1909
C/EGD/598,T/LA/1157
C/EGD/599,T/LA/775
C/EGD/6,
C/EGD/60,T/LA/917
C/EGD/600,T/LA/776
C/EGD/601,T/LA/777
C/EGD/602,T/LA/778
C/EGD/604,T/JO/205
C/EGD/605,T/LA/802
C/EGD/606,T/LA/803
C/EGD/607,T/LA/804
C/EGD/608,T/LA/805
C/EGD/609,T/LA/806
C/EGD/61,T/LA/2236
C/EGD/610,T/LA/830
C/EGD/611,T/LA/828
C/EGD/612,T/LA/817
C/EGD/613,T/LA/823
C/EGD/768,T/LA/1927
C/EGD/769,T/LA/1928
C/EGD/770,T/LA/1929
C/EGD/771,T/LA/1930
C/EGD/772,T/LA/1931
C/EGD/773,T/LA/1932
C/EGD/774,T/LA/1933
C/EGD/775,T/LA/1934
C/EGD/776,T/LA/1935
C/EGD/777,T/LA/1936
C/EGD/779,T/LA/1125
C/EGD/78,T/LA/932
C/EGD/780,T/LA/1126
C/EGD/781,T/LA/1127
C/EGD/930,T/LA/368
C/EGD/931,T/LA/64
C/EGD/932,T/LA/68
C/EGD/933,T/LA/366
C/EGD/934,T/LA/365
C/EGD/935,T/LA/370
C/EGD/936,T/LA/371
C/EGD/938,T/LA/372
C/EGD/939,T/LA/373
C/EGD/94,T/LA/951
C/EGD/940,T/LA/416
C/EGD/941,T/LA/420
C/JO/3255,T/JO/1908
C/JO/3256,T/JO/1909
C/JO/3257,T/JO/1911
C/JO/3258,T/JO/1915
C/JO/3259,T/JO/1916
C/JO/3260,T/JO/1917
C/JO/3261,T/JO/1918
C/JO/3262,T/JO/1919
C/JO/3263,T/JO/1920
C/JO/3264,T/JO/1921
C/JO/3265,T/JO/1922
C/JO/3266,T/JO/1923
C/JO/3267,T/JO/1924
C/JO/3268,T/JO/1926
C/JO/3269,T/JO/1927
C/JO/3270,T/JO/1928
C/JO/3271,T/JO/1929
C/JO/3272,T/JO/1930
C/JO/3273,T/JO/1931
C/JO/3314,T/JO/2114
C/JO/3315,T/JO/2115
C/JO/3316,T/JO/2116
C/JO/3317,T/JO/2117
C/JO/3318,T/JO/2120
C/JO/3319,T/JO/2122
C/JO/3320,T/JO/2124
C/JO/3345,T/JO/2137
C/JO/3346,T/JO/2138
C/JO/3347,T/JO/2139
C/JO/3348,T/JO/2140
C/JO/3349,T/JO/2142
C/JO/3350,T/JO/2143
C/JO/3351,T/JO/2144
C/JO/3352,T/JO/2145
C/JO/3353,T/JO/2146
C/JO/3354,T/JO/2147
C/JO/3355,T/JO/2148
C/JO/3356,T/JO/2149
C/JO/3357,T/JO/2150
C/LA/3080,T/LA/1473
C/LA/3081,T/LA/1474
C/LA/3082,T/LA/1475
C/LA/3083,T/LA/1476
C/LA/3084,T/LA/1478
C/LA/3085,T/LA/1479
C/LA/3089,T/LA/1488
C/LA/3090,T/LA/1489
C/LA/3091,T/LA/1490
C/LA/3092,T/LA/1492
C/LA/3093,T/LA/1493
C/LA/3094,T/LA/1494
C/LA/3095,T/LA/1495
C/LA/3096,T/LA/1496
C/LA/3097,T/LA/1497
C/LA/3098,
C/LA/3099,
C/LA/3100,T/LA/1498
C/LA/3101,T/LA/1499
C/LA/3102,T/LA/1500
C/LA/3103,T/LA/1509
C/LA/3104,T/LA/1510
C/LA/3105,T/LA/1511
C/LA/3106,T/LA/1512
C/LA/3107,T/LA/1513
C/LA/3108,T/LA/1514
C/LA/3109,T/LA/1515
C/EGD/614,T/LA/824
C/EGD/615,T/LA/832
C/EGD/616,T/LA/831
C/EGD/617,T/JO/436
C/EGD/618,T/LA/816
C/EGD/619,T/LA/815
C/EGD/62,T/LA/966
C/EGD/620,T/LA/826
C/EGD/621,T/LA/829
C/EGD/622,T/LA/822
C/EGD/623,T/LA/839
C/EGD/624,T/LA/837
C/EGD/625,T/LA/725
C/EGD/626,T/LA/723
C/EGD/627,T/LA/724
C/EGD/628,T/JO/316
C/EGD/629,T/LA/678
C/EGD/63,T/LA/934
C/EGD/630,T/LA/677
C/EGD/631,T/LA/676
C/EGD/632,T/LA/726
C/EGD/633,T/LA/727
C/EGD/634,T/LA/632
C/EGD/635,T/JO/571
C/EGD/636,T/JO/570
C/EGD/637,T/JO/569
C/EGD/638,T/JO/568
C/EGD/639,T/JO/567
C/EGD/64,T/LA/936
C/EGD/640,T/JO/566
C/EGD/641,T/JO/550
C/EGD/642,T/JO/549
C/EGD/643,T/JO/548
C/EGD/644,T/JO/547
C/EGD/645,T/JO/546
C/EGD/646,T/JO/565
C/EGD/647,T/JO/564
C/EGD/648,T/JO/563
C/EGD/649,T/JO/562
C/EGD/65,T/LA/937
C/EGD/650,T/JO/561
C/EGD/651,T/LA/19
C/EGD/653,T/JO/559
C/EGD/654,T/JO/558
C/EGD/655,T/JO/557
C/EGD/656,T/JO/556
C/EGD/657,T/JO/555
C/EGD/658,T/JO/554
C/EGD/659,T/JO/553
C/EGD/66,T/LA/938
C/EGD/660,T/JO/552
C/EGD/661,T/JO/551
C/EGD/662,T/LA/640
C/EGD/663,T/LA/639
C/EGD/664,T/LA/638
C/EGD/665,T/LA/637
C/EGD/666,T/LA/636
C/EGD/667,T/LA/728
C/EGD/668,T/LA/733
C/EGD/669,T/LA/732
C/EGD/67,T/LA/939
C/EGD/670,T/LA/731
C/EGD/671,T/LA/730
C/EGD/672,T/LA/729
C/EGD/673,T/LA/631
C/EGD/674,T/LA/645
C/EGD/675,T/LA/682
C/EGD/676,T/LA/681
C/EGD/677,T/LA/680
C/EGD/678,T/LA/679
C/EGD/679,T/LA/694
C/EGD/68,T/LA/940
C/EGD/680,T/LA/717
C/EGD/681,T/LA/718
C/EGD/682,T/LA/26
C/EGD/683,T/LA/103
C/EGD/684,T/LA/102
C/EGD/685,T/LA/695
C/EGD/686,T/LA/838
C/EGD/687,T/LA/835
C/EGD/688,T/LA/836
C/EGD/689,T/LA/834
C/EGD/69,T/LA/941
C/EGD/690,T/LA/833
C/EGD/691,T/LA/1452
C/EGD/692,T/LA/1441
C/EGD/693,T/LA/1444
C/EGD/694,T/LA/1440
C/EGD/695,T/LA/841
C/EGD/696,T/LA/840
C/EGD/697,T/LA/842
C/EGD/699,T/LA/848
C/EGD/7,
C/EGD/70,T/LA/942
C/EGD/700,T/LA/849
C/EGD/701,T/LA/850
C/EGD/702,T/LA/851
C/EGD/703,T/LA/852
C/EGD/704,T/LA/853
C/EGD/705,T/LA/854
C/EGD/706,
C/EGD/707,T/LA/1790
C/EGD/708,T/LA/1791
C/EGD/709,T/LA/1792
C/EGD/71,T/LA/988
C/EGD/710,T/LA/1793
C/EGD/711,T/LA/1794
C/EGD/712,T/LA/1795
C/EGD/713,T/LA/1796
C/EGD/714,T/LA/1797
C/EGD/715,T/LA/1176
C/EGD/716,T/LA/2235
C/EGD/717,T/LA/1175
C/EGD/718,T/LA/1173
C/EGD/719,T/LA/1174
C/EGD/720,T/LA/1906
C/EGD/721,T/LA/1921
C/EGD/723,
C/EGD/726,T/LA/1230
C/EGD/727,T/LA/1247
C/EGD/729,T/LA/1228
C/EGD/73,T/LA/989
C/EGD/730,T/LA/1236
C/EGD/731,T/LA/1238
C/EGD/732,T/LA/1240
C/EGD/733,T/LA/1229
C/EGD/734,T/LA/1245
C/EGD/735,T/LA/1237
C/EGD/736,T/LA/1227
C/EGD/737,T/LA/1235
C/EGD/738,T/LA/1246
C/EGD/739,T/LA/1226
C/EGD/74,T/LA/943
C/EGD/740,T/LA/1232
C/EGD/743,T/LA/1233
C/EGD/744,T/LA/1224
C/EGD/745,T/LA/1234
C/EGD/746,T/LA/1243
C/EGD/747,T/LA/1244
C/EGD/748,T/LA/1242
C/EGD/749,T/LA/1254
C/EGD/75,T/LA/944
C/EGD/750,T/LA/1239
C/EGD/753,T/LA/1252
C/EGD/754,T/LA/1248
C/EGD/755,T/LA/1249
C/EGD/758,
C/EGD/76,T/LA/945
C/EGD/760,T/LA/2234
C/EGD/761,T/LA/2230
C/EGD/762,T/LA/1117
C/EGD/763,T/LA/1922
C/EGD/764,T/LA/1923
C/EGD/765,T/LA/1924
C/EGD/766,T/LA/1925
C/EGD/767,T/LA/1926
C/EGD/782,T/LA/1609
C/EGD/783,T/LA/1119
C/EGD/784,T/LA/1123
C/EGD/785,T/LA/1143
C/EGD/786,T/LA/1124
C/EGD/788,T/LA/1140
C/EGD/789,T/LA/1144
C/EGD/79,T/LA/964
C/EGD/790,T/LA/1145
C/EGD/791,T/LA/1142
C/EGD/792,T/LA/1141
C/EGD/793,T/LA/1634
C/EGD/794,T/LA/1148
C/EGD/796,T/LA/1636
C/EGD/797,T/LA/1150
C/EGD/798,T/LA/1152
C/EGD/799,T/LA/1905
C/EGD/8,
C/EGD/80,T/LA/963
C/EGD/800,T/LA/1904
C/EGD/801,T/LA/1156
C/EGD/802,T/LA/1903
C/EGD/803,T/LA/1159
C/EGD/805,T/LA/1160
C/EGD/807,T/LA/1164
C/EGD/808,T/LA/1163
C/EGD/81,T/LA/913
C/EGD/810,T/LA/1165
C/EGD/811,T/LA/1166
C/EGD/812,T/LA/1167
C/EGD/813,T/LA/1158
C/EGD/814,T/LA/1185
C/EGD/815,T/LA/1186
C/EGD/816,T/LA/1187
C/EGD/817,T/LA/1177
C/EGD/818,T/LA/1169
C/EGD/819,T/LA/1170
C/EGD/82,T/LA/962
C/EGD/820,T/LA/1183
C/EGD/821,T/LA/1181
C/EGD/822,T/LA/1182
C/EGD/823,T/LA/1171
C/EGD/824,T/LA/1172
C/EGD/825,T/LA/1184
C/EGD/826,T/LA/1253
C/EGD/828,T/LA/2136
C/EGD/83,T/LA/961
C/EGD/830,T/LA/1250
C/EGD/831,T/LA/1251
C/EGD/832,
C/EGD/833,T/LA/89
C/EGD/835,T/LA/174
C/EGD/836,T/LA/205
C/EGD/837,T/LA/204
C/EGD/839,T/LA/175
C/EGD/84,T/LA/960
C/EGD/841,T/LA/203
C/EGD/842,T/LA/173
C/EGD/843,
C/EGD/844,
C/EGD/845,T/LA/147
C/EGD/846,T/LA/207
C/EGD/847,T/LA/208
C/EGD/848,T/LA/210
C/EGD/849,T/LA/209
C/EGD/85,T/LA/959
C/EGD/850,T/LA/245
C/EGD/851,T/LA/211
C/EGD/852,T/LA/212
C/EGD/853,T/LA/4
C/EGD/854,T/LA/214
C/EGD/855,T/LA/213
C/EGD/856,T/LA/216
C/EGD/857,T/LA/215
C/EGD/858,T/LA/220
C/EGD/859,T/LA/221
C/EGD/86,T/LA/958
C/EGD/860,T/LA/218
C/EGD/861,T/LA/219
C/EGD/862,T/LA/217
C/EGD/863,T/LA/222
C/EGD/864,T/LA/223
C/EGD/865,T/JO/782
C/EGD/866,T/JO/783
C/EGD/867,T/JO/784
C/EGD/868,T/LA/226
C/EGD/87,T/LA/957
C/EGD/870,T/LA/55
C/EGD/871,T/LA/230
C/EGD/872,T/LA/229
C/EGD/874,T/LA/228
C/EGD/876,T/LA/231
C/EGD/877,T/LA/232
C/EGD/878,T/LA/233
C/EGD/879,T/LA/234
C/EGD/88,T/LA/956
C/EGD/880,T/LA/237
C/EGD/881,T/LA/236
C/EGD/882,T/LA/1102
C/EGD/883,T/LA/240
C/EGD/884,T/LA/239
C/EGD/885,T/LA/238
C/EGD/886,T/LA/241
C/EGD/887,T/LA/244
C/EGD/888,T/LA/243
C/EGD/889,T/LA/248
C/EGD/89,T/LA/990
C/EGD/890,T/LA/249
C/EGD/891,T/LA/246
C/EGD/892,T/LA/242
C/EGD/893,T/LA/247
C/EGD/894,T/LA/1747
C/EGD/895,T/LA/252
C/EGD/897,T/LA/255
C/EGD/898,T/LA/256
C/EGD/899,T/LA/257
C/EGD/9,
C/EGD/90,T/LA/955
C/EGD/900,T/LA/258
C/EGD/901,T/LA/259
C/EGD/902,T/LA/345
C/EGD/903,T/LA/346
C/EGD/904,T/LA/347
C/EGD/905,T/LA/74
C/EGD/906,T/LA/348
C/EGD/907,T/LA/349
C/EGD/908,T/LA/350
C/EGD/909,T/LA/351
C/EGD/91,T/LA/954
C/EGD/910,T/LA/352
C/EGD/911,T/LA/353
C/EGD/912,T/LA/354
C/EGD/913,T/LA/355
C/EGD/914,T/LA/356
C/EGD/915,T/LA/357
C/EGD/916,T/LA/358
C/EGD/917,T/LA/359
C/EGD/918,T/LA/360
C/EGD/919,T/LA/361
C/EGD/92,T/LA/953
C/EGD/920,T/LA/362
C/EGD/921,T/LA/367
C/EGD/922,T/LA/67
C/EGD/923,T/LA/66
C/EGD/924,T/LA/65
C/EGD/925,T/LA/69
C/EGD/926,T/LA/70
C/EGD/927,T/LA/363
C/EGD/928,T/LA/364
C/EGD/929,T/LA/369
C/EGD/93,T/LA/952
C/EGD/942,T/LA/419
C/EGD/943,T/LA/421
C/EGD/944,T/LA/418
C/EGD/945,T/LA/417
C/EGD/946,T/LA/422
C/EGD/948,T/LA/7
C/EGD/949,T/LA/145
C/EGD/95,T/LA/950
C/EGD/950,T/LA/2185
C/EGD/951,T/LA/428
C/EGD/952,T/LA/427
C/EGD/953,T/LA/426
C/EGD/954,T/LA/425
C/EGD/955,T/LA/424
C/EGD/956,T/LA/423
C/EGD/957,T/LA/429
C/EGD/958,T/LA/430
C/EGD/959,T/LA/79
C/EGD/96,T/LA/949
C/EGD/960,T/LA/78
C/EGD/961,T/LA/77
C/EGD/962,T/LA/432
C/EGD/963,T/LA/1103
C/EGD/964,T/LA/1104
C/EGD/965,T/LA/434
C/EGD/966,T/LA/435
C/EGD/967,T/LA/436
C/EGD/968,T/LA/437
C/EGD/969,T/LA/438
C/EGD/97,T/LA/948
C/EGD/970,T/LA/439
C/EGD/971,T/LA/440
C/EGD/972,T/LA/442
C/EGD/973,T/LA/441
C/EGD/974,T/LA/443
C/EGD/975,T/LA/444
C/EGD/976,T/LA/445
C/EGD/977,T/LA/447
C/EGD/978,T/LA/448
C/EGD/979,T/LA/446
C/EGD/98,T/LA/947
C/EGD/980,T/LA/449
C/EGD/981,T/LA/450
C/EGD/982,T/LA/451
C/EGD/983,T/LA/452
C/EGD/984,T/LA/453
C/EGD/985,T/LA/454
C/EGD/986,T/LA/455
C/EGD/987,T/LA/456
C/EGD/988,T/LA/457
C/EGD/989,T/LA/458
C/EGD/99,T/LA/946
C/EGD/990,T/LA/459
C/EGD/991,T/LA/460
C/EGD/992,T/LA/461
C/EGD/994,T/LA/472
C/EGD/995,T/LA/473
C/EGD/996,T/LA/469
C/EGD/997,T/LA/470
C/EGD/998,T/LA/471
C/EGD/999,T/LA/475
C/JO/2632,T/JO/2
C/JO/2661,T/LA/2227
C/JO/2662,T/JO/92
C/JO/2665,T/JO/96
C/JO/2666,T/JO/97
C/JO/2667,T/JO/98
C/JO/2668,T/JO/99
C/JO/2669,T/JO/100
C/JO/2670,T/JO/105
C/JO/2671,T/JO/106
C/JO/2672,T/JO/109
C/JO/2673,T/JO/111
C/JO/2674,T/JO/112
C/JO/2675,T/JO/113
C/JO/2676,T/JO/114
C/JO/2677,T/JO/115
C/JO/2678,T/JO/116
C/JO/2679,T/JO/117
C/JO/2680,T/JO/119
C/JO/2681,T/JO/120
C/JO/2682,T/JO/121
C/JO/2683,T/JO/122
C/JO/2684,T/JO/123
C/JO/2685,T/JO/124
C/JO/2686,T/JO/125
C/JO/2687,T/JO/131
C/JO/2688,T/JO/130
C/JO/2689,T/JO/133
C/JO/2690,T/JO/134
C/JO/2691,T/LA/1069
C/JO/2692,T/JO/137
C/JO/2693,T/JO/138
C/JO/2694,T/JO/141
C/JO/2695,T/JO/142
C/JO/2696,T/JO/143
C/JO/2697,T/JO/144
C/JO/2698,T/JO/146
C/JO/2699,T/JO/147
C/JO/2700,T/JO/148
C/JO/2701,T/JO/149
C/JO/2702,T/JO/150
C/JO/2703,T/JO/151
C/JO/2704,T/JO/152
C/JO/2705,T/JO/153
C/JO/2706,T/JO/154
C/JO/2707,T/JO/155
C/JO/2708,T/JO/156
C/JO/2709,T/JO/157
C/JO/2710,T/JO/158
C/JO/2711,T/JO/159
C/JO/2712,T/JO/160
C/JO/2713,T/JO/161
C/JO/2714,T/JO/162
C/JO/2715,T/JO/163
C/JO/2716,T/JO/164
C/JO/2717,T/JO/165
C/JO/2718,T/JO/166
C/JO/2719,T/JO/167
C/JO/2720,T/JO/168
C/JO/2721,T/JO/169
C/JO/2722,T/JO/170
C/JO/2723,T/JO/171
C/JO/2724,T/JO/172
C/JO/2725,T/JO/173
C/JO/2726,T/JO/174
C/JO/2727,T/JO/175
C/JO/2728,T/JO/176
C/JO/2729,T/JO/177
C/JO/2730,T/JO/178
C/JO/2731,T/JO/179
C/JO/2732,T/JO/180
C/JO/2733,T/JO/181
C/JO/2734,T/JO/182
C/JO/2735,T/JO/183
C/JO/2736,T/JO/184
C/JO/2737,T/JO/185
C/JO/2738,T/JO/186
C/JO/2739,T/JO/187
C/JO/2740,T/JO/188
C/JO/2741,T/JO/189
C/JO/2742,T/JO/190
C/JO/2743,T/JO/191
C/JO/2744,T/JO/192
C/JO/2745,T/JO/193
C/JO/2746,T/JO/194
C/JO/2747,T/JO/195
C/JO/2748,T/JO/196
C/JO/2749,T/JO/197
C/JO/2750,T/JO/198
C/JO/2751,T/JO/199
C/JO/2752,T/JO/200
C/JO/2753,T/JO/201
C/JO/2754,T/JO/202
C/JO/2784,T/JO/303
C/JO/2785,T/JO/307
C/JO/2786,T/JO/308
C/JO/2787,T/JO/317
C/JO/2788,T/JO/326
C/JO/2789,T/JO/327
C/JO/2790,T/JO/328
C/JO/2791,T/JO/329
C/JO/2792,T/JO/332
C/JO/2793,T/JO/341
C/JO/2794,T/JO/342
C/JO/2795,T/JO/343
C/JO/2796,T/JO/344
C/JO/2797,T/JO/345
C/JO/2798,T/JO/346
C/JO/2799,T/JO/347
C/JO/2800,T/JO/348
C/JO/2801,T/JO/353
C/JO/2802,T/JO/354
C/JO/2803,T/JO/355
C/JO/2804,T/JO/356
C/JO/2807,T/JO/363
C/JO/2808,T/JO/364
C/JO/2809,T/JO/365
C/JO/2810,T/JO/369
C/JO/2811,T/JO/370
C/JO/2812,T/JO/371
C/JO/2813,T/JO/372
C/JO/2814,T/JO/373
C/JO/2815,T/JO/374
C/JO/2816,T/JO/377
C/JO/2817,T/JO/378
C/JO/2818,T/JO/379
C/JO/2819,T/JO/380
C/JO/2820,T/JO/381
C/JO/2821,T/JO/382
C/JO/2822,T/JO/383
C/JO/2823,T/JO/384
C/JO/2824,T/JO/385
C/JO/2825,T/JO/387
C/JO/2826,T/JO/388
C/JO/2827,T/JO/389
C/JO/2828,T/JO/390
C/JO/2829,T/JO/391
C/JO/2830,T/JO/392
C/JO/2832,T/LA/2225
C/JO/2833,T/JO/533
C/JO/2834,T/JO/532
C/JO/2835,T/JO/415
C/JO/2836,T/JO/431
C/JO/2837,T/JO/593
C/JO/2843,T/JO/510
C/JO/2844,T/JO/511
C/JO/2845,T/JO/512
C/JO/2846,T/JO/513
C/JO/2847,T/JO/514
C/JO/2848,T/JO/527
C/JO/2849,T/JO/528
C/JO/2850,T/JO/529
C/JO/2851,T/JO/530
C/JO/2852,
C/JO/2853,T/JO/531
C/JO/2854,T/JO/537
C/JO/2855,T/JO/560
C/JO/2856,T/LA/2223
C/JO/2857,T/JO/573
C/JO/2858,T/JO/589
C/JO/2859,T/JO/591
C/JO/2860,
C/JO/2861,T/JO/620
C/JO/2862,T/JO/635
C/JO/2863,T/JO/639
C/JO/2864,T/JO/647
C/JO/2875,T/JO/785
C/JO/2876,T/JO/786
C/JO/2877,
C/JO/2878,
C/JO/2879,
C/JO/2880,
C/JO/2881,T/JO/795
C/JO/2882,T/JO/796
C/JO/2883,T/JO/797
C/JO/2884,
C/JO/2885,T/JO/867
C/JO/2886,T/JO/868
C/JO/2887,T/JO/870
C/JO/2888,
C/JO/2889,T/JO/873
C/JO/2890,T/JO/880
C/JO/2891,T/JO/881
C/JO/2892,T/JO/896
C/JO/2893,T/JO/905
C/JO/2894,T/JO/908
C/JO/2895,T/JO/909
C/JO/2896,T/JO/954
C/JO/2897,T/JO/958
C/JO/2898,T/JO/967
C/JO/2899,
C/JO/2900,T/JO/981
C/JO/2901,T/JO/999
C/JO/2902,T/JO/1006
C/JO/2903,T/JO/1020
C/JO/2905,T/JO/1033
C/JO/2923,T/JO/1073
C/JO/2924,T/JO/1074
C/JO/2926,
C/JO/2927,T/JO/1112
C/JO/2928,T/JO/1114
C/JO/2929,T/JO/1119
C/JO/2930,T/JO/1120
C/JO/2931,T/JO/1121
C/JO/2932,T/JO/1122
C/JO/2933,T/JO/1123
C/JO/2934,T/JO/1134
C/JO/2935,T/JO/1137
C/JO/2936,T/JO/1138
C/JO/2937,T/JO/1139
C/JO/2938,T/JO/1140
C/JO/2939,T/JO/1141
C/JO/2940,T/JO/1142
C/JO/2941,T/JO/1143
C/JO/2951,T/JO/1169
C/JO/2952,T/JO/1170
C/JO/2953,T/JO/1171
C/JO/2954,T/JO/1178
C/JO/2955,T/JO/1179
C/JO/2956,T/JO/1189
C/JO/2957,
C/JO/2958,
C/JO/2959,T/JO/1209
C/JO/2960,T/JO/1215
C/JO/2961,T/JO/1216
C/JO/2962,T/JO/1217
C/JO/2963,T/JO/1218
C/JO/2964,T/JO/1219
C/JO/2965,
C/JO/2983,T/JO/1254
C/JO/2984,T/JO/1255
C/JO/3007,T/JO/1260
C/JO/3008,T/JO/1269
C/JO/3009,T/JO/1270
C/JO/3010,
C/JO/3011,
C/JO/3012,T/JO/1277
C/JO/3013,T/JO/1278
C/JO/3014,T/JO/1281
C/JO/3015,T/JO/1280
C/JO/3016,T/JO/1282
C/JO/3017,
C/JO/3018,T/JO/1283
C/JO/3019,T/JO/1284
C/JO/3020,T/JO/1285
C/JO/3021,T/JO/1286
C/JO/3022,T/JO/1287
C/JO/3023,T/JO/1288
C/JO/3024,T/JO/1289
C/JO/3025,T/JO/1290
C/JO/3026,
C/JO/3027,
C/JO/3028,T/JO/1295
C/JO/3029,T/JO/1297
C/JO/3030,T/JO/1301
C/JO/3031,T/JO/1302
C/JO/3032,T/JO/1304
C/JO/3033,T/JO/1317
C/JO/3034,T/JO/1311
C/JO/3035,T/JO/1313
C/JO/3036,T/JO/2208
C/JO/3038,T/JO/1402
C/JO/3039,T/JO/1404
C/JO/3040,T/JO/1405
C/JO/3041,T/JO/1406
C/JO/3042,T/JO/1407
C/JO/3043,T/JO/1408
C/JO/3044,T/JO/2193
C/JO/3045,T/JO/2192
C/JO/3046,T/JO/2191
C/JO/3047,T/JO/1412
C/JO/3048,T/JO/1413
C/JO/3049,T/JO/1414
C/JO/3050,T/JO/1415
C/JO/3051,T/JO/1416
C/JO/3052,T/JO/1417
C/JO/3053,T/JO/1418
C/JO/3054,T/JO/1419
C/JO/3055,T/JO/1420
C/JO/3056,T/JO/1423
C/JO/3058,T/JO/1434
C/JO/3059,T/JO/1435
C/JO/3060,T/JO/1436
C/JO/3061,T/JO/1437
C/JO/3062,T/JO/1438
C/JO/3063,T/JO/1439
C/JO/3064,T/JO/1440
C/JO/3065,T/JO/1441
C/JO/3066,T/JO/1444
C/JO/3067,T/JO/1445
C/JO/3068,T/JO/1446
C/JO/3069,T/JO/1448
C/JO/3070,T/JO/1450
C/JO/3071,T/JO/1452
C/JO/3072,T/JO/1454
C/JO/3073,T/JO/1456
C/JO/3074,T/JO/1457
C/JO/3075,T/JO/1458
C/JO/3076,T/JO/1459
C/JO/3077,T/JO/1460
C/JO/3078,T/JO/1461
C/JO/3079,
C/JO/3080,T/JO/1463
C/JO/3081,T/JO/1464
C/JO/3082,T/JO/1465
C/JO/3083,T/JO/1466
C/JO/3084,T/JO/1467
C/JO/3085,T/JO/1469
C/JO/3086,T/JO/1470
C/JO/3087,T/JO/1483
C/JO/3088,T/JO/1484
C/JO/3089,T/JO/1499
C/JO/3090,T/JO/1501
C/JO/3091,T/JO/1503
C/JO/3092,T/JO/1506
C/JO/3093,T/JO/1509
C/JO/3094,T/JO/1511
C/JO/3095,T/JO/1512
C/JO/3096,T/JO/1513
C/JO/3097,T/JO/1522
C/JO/3098,T/JO/1523
C/JO/3099,T/JO/1524
C/JO/3100,T/JO/1525
C/JO/3101,T/JO/1526
C/JO/3102,T/JO/1527
C/JO/3103,T/JO/1530
C/JO/3104,T/JO/1531
C/JO/3105,T/JO/1538
C/JO/3106,
C/JO/3107,T/JO/1539
C/JO/3108,T/JO/1540
C/JO/3109,T/JO/1541
C/JO/3110,T/JO/1542
C/JO/3111,T/JO/1544
C/JO/3112,T/JO/1545
C/JO/3113,T/JO/1546
C/JO/3114,T/JO/1547
C/JO/3115,T/JO/1548
C/JO/3116,T/JO/1549
C/JO/3117,T/JO/1550
C/JO/3137,T/JO/2165
C/JO/3138,T/JO/1633
C/JO/3139,T/JO/1641
C/JO/3140,T/JO/1642
C/JO/3141,T/JO/1643
C/JO/3142,T/JO/1644
C/JO/3143,T/JO/1645
C/JO/3144,T/JO/1646
C/JO/3145,T/JO/1647
C/JO/3146,T/JO/1648
C/JO/3147,T/JO/1650
C/JO/3148,T/JO/1651
C/JO/3149,T/JO/1659
C/JO/3150,T/JO/1661
C/JO/3151,T/JO/2230
C/JO/3152,T/JO/1664
C/JO/3153,T/JO/1665
C/JO/3154,T/JO/1666
C/JO/3155,T/JO/1667
C/JO/3156,T/JO/1672
C/JO/3157,
C/JO/3158,T/JO/1673
C/JO/3159,T/JO/2215
C/JO/3160,T/JO/1682
C/JO/3161,T/JO/1683
C/JO/3227,T/JO/1801
C/JO/3229,T/JO/1836
C/JO/3230,T/JO/1837
C/JO/3246,T/JO/1887
C/JO/3247,T/JO/1883
C/JO/3248,T/JO/1886
C/JO/3250,T/JO/1895
C/JO/3251,T/JO/1902
C/JO/3252,T/JO/1903
C/JO/3253,T/JO/1904
C/JO/3254,T/JO/1905
C/JO/3358,T/JO/2151
C/JO/3359,T/JO/2152
C/JO/3360,T/JO/2153
C/JO/3361,T/JO/2154
C/JO/3362,T/JO/2156
C/JO/3363,T/JO/2157
C/JO/3364,T/JO/2158
C/JO/3365,T/JO/2159
C/JO/3366,T/JO/2160
C/JO/3367,T/JO/2161
C/JO/3368,T/JO/2163
C/LA/2632,T/LA/2
C/LA/2633,T/LA/14
C/LA/2634,T/LA/18
C/LA/2635,T/LA/21
C/LA/2636,T/LA/87
C/LA/2637,T/LA/33
C/LA/2638,T/LA/37
C/LA/2639,T/LA/39
C/LA/2640,T/LA/41
C/LA/2643,T/LA/1739
C/LA/2645,
C/LA/2646,
C/LA/2647,
C/LA/2648,
C/LA/2649,T/LA/250
C/LA/2650,T/LA/251
C/LA/2651,
C/LA/2652,T/LA/431
C/LA/2653,T/LA/1106
C/LA/2654,T/LA/462
C/LA/2655,T/LA/463
C/LA/2656,T/LA/464
C/LA/2657,T/LA/465
C/LA/2658,T/LA/466
C/LA/2659,T/LA/467
C/LA/2660,T/LA/75
C/LA/2661,T/LA/85
C/LA/2662,
C/LA/2663,
C/LA/2664,
C/LA/2689,T/LA/143
C/LA/2690,T/LA/144
C/LA/2691,T/LA/167
C/LA/2692,T/LA/168
C/LA/2693,T/LA/169
C/LA/2694,T/LA/170
C/LA/2695,T/LA/171
C/LA/2696,
C/LA/2697,
C/LA/2698,
C/LA/2699,
C/LA/2700,
C/LA/2701,
C/LA/2702,
C/LA/2755,T/LA/206
C/LA/2756,
C/LA/2757,
C/LA/2758,
C/LA/2759,T/LA/254
C/LA/2760,T/LA/260
C/LA/2761,T/LA/267
C/LA/2762,T/LA/375
C/LA/2763,T/LA/269
C/LA/2764,T/LA/270
C/LA/2765,T/LA/271
C/LA/2766,T/LA/272
C/LA/2767,T/LA/273
C/LA/2768,T/LA/274
C/LA/2769,T/LA/275
C/LA/2770,T/LA/403
C/LA/2771,T/LA/277
C/LA/2772,T/LA/279
C/LA/2773,T/LA/280
C/LA/2774,T/LA/281
C/LA/2775,T/LA/282
C/LA/2776,T/LA/283
C/LA/2777,T/LA/284
C/LA/2778,T/LA/289
C/LA/2779,T/LA/290
C/LA/2780,T/LA/291
C/LA/2781,T/LA/296
C/LA/2782,T/LA/300
C/LA/2783,T/LA/301
C/LA/2784,T/LA/315
C/LA/2785,T/LA/316
C/LA/2786,T/LA/317
C/LA/2787,T/LA/397
C/LA/2788,T/LA/333
C/LA/2796,
C/LA/2797,T/LA/376
C/LA/2798,T/LA/379
C/LA/2799,T/LA/380
C/LA/2800,T/LA/381
C/LA/2801,T/LA/382
C/LA/2802,
C/LA/2803,T/LA/388
C/LA/2804,T/LA/389
C/LA/2805,T/LA/396
C/LA/2806,T/LA/405
C/LA/2807,T/LA/406
C/LA/2808,T/LA/407
C/LA/2833,T/LA/409
C/LA/2834,T/LA/415
C/LA/2835,T/LA/433
C/LA/2836,
C/LA/2837,
C/LA/2838,
C/LA/2839,T/LA/474
C/LA/2840,T/LA/501
C/LA/2841,
C/LA/2842,
C/LA/2861,T/LA/594
C/LA/2862,T/LA/595
C/LA/2863,T/LA/661
C/LA/2864,T/LA/666
C/LA/2865,T/LA/667
C/LA/2866,T/LA/668
C/LA/2867,T/LA/669
C/LA/2868,T/LA/670
C/LA/2869,
C/LA/2870,T/LA/699
C/LA/2871,
C/LA/2872,T/LA/735
C/LA/2873,T/LA/756
C/LA/2874,
C/LA/2875,T/LA/779
C/LA/2876,T/LA/780
C/LA/2877,T/LA/807
C/LA/2878,
C/LA/2879,T/LA/820
C/LA/2880,T/LA/825
C/LA/2882,T/LA/843
C/LA/2883,T/LA/844
C/LA/2884,T/LA/845
C/LA/2885,T/LA/846
C/LA/2886,T/LA/847
C/LA/2887,T/LA/872
C/LA/2889,T/LA/877
C/LA/2890,T/LA/880
C/LA/2892,T/LA/885
C/LA/2893,T/LA/887
C/LA/2894,T/LA/890
C/LA/2895,T/LA/902
C/LA/2896,T/LA/930
C/LA/2897,T/LA/933
C/LA/2898,T/LA/935
C/LA/2900,T/LA/968
C/LA/2901,T/LA/974
C/LA/2902,T/LA/975
C/LA/2903,T/LA/976
C/LA/2904,T/LA/977
C/LA/2905,T/LA/979
C/LA/2906,T/LA/980
C/LA/2907,T/LA/981
C/LA/2908,T/LA/982
C/LA/2909,T/LA/983
C/LA/2910,T/LA/984
C/LA/2911,T/LA/985
C/LA/2912,T/LA/993
C/LA/2913,T/LA/994
C/LA/2914,T/LA/996
C/LA/2915,T/LA/997
C/LA/2916,T/LA/998
C/LA/2917,
C/LA/2918,
C/LA/2919,
C/LA/2920,T/LA/1036
C/LA/2921,
C/LA/2922,T/LA/1084
C/LA/2923,T/LA/1101
C/LA/2924,T/LA/1105
C/LA/2925,
C/LA/2926,
C/LA/2927,
C/LA/2928,
C/LA/2929,
C/LA/2930,
C/LA/2931,
C/LA/2932,T/LA/1108
C/LA/2933,
C/LA/2934,
C/LA/2935,
C/LA/2936,
C/LA/2937,
C/LA/2938,
C/LA/2939,
C/LA/2940,
C/LA/2941,
C/LA/2942,
C/LA/2943,
C/LA/2944,
C/LA/2945,
C/LA/2946,
C/LA/2947,
C/LA/2948,
C/LA/2949,T/LA/1132
C/LA/2950,T/LA/2186
C/LA/2951,T/LA/1446
C/LA/2952,T/LA/1180
C/LA/2953,T/LA/1188
C/LA/2958,T/LA/1200
C/LA/2959,T/LA/1201
C/LA/2960,T/LA/1202
C/LA/2961,T/LA/1203
C/LA/2962,T/LA/1204
C/LA/2963,T/LA/1205
C/LA/2964,
C/LA/2965,T/LA/1206
C/LA/2966,T/LA/1207
C/LA/2967,T/LA/1208
C/LA/2968,T/LA/1209
C/LA/2969,T/LA/1210
C/LA/2970,T/LA/1211
C/LA/2971,T/LA/1223
C/LA/2972,T/LA/1213
C/LA/2973,T/LA/1215
C/LA/2974,T/LA/1216
C/LA/2975,T/LA/1217
C/LA/2976,T/LA/1218
C/LA/2977,T/LA/1219
C/LA/2978,T/LA/1220
C/LA/2979,T/LA/1221
C/LA/2980,T/LA/1222
C/LA/2981,T/LA/1231
C/LA/2982,T/LA/1241
C/LA/2983,T/LA/1255
C/LA/2984,T/LA/1256
C/LA/2985,T/LA/2184
C/LA/2986,T/LA/2183
C/LA/2987,T/LA/2182
C/LA/2988,T/LA/2181
C/LA/2989,T/LA/2180
C/LA/2990,T/LA/2179
C/LA/2991,T/LA/2178
C/LA/2992,T/LA/2177
C/LA/2993,T/LA/2176
C/LA/2994,T/LA/2175
C/LA/2995,T/LA/2174
C/LA/2996,T/LA/2173
C/LA/2997,T/LA/2172
C/LA/2998,T/LA/2171
C/LA/2999,T/LA/2170
C/LA/3000,T/LA/2169
C/LA/3001,T/LA/2168
C/LA/3002,T/LA/2167
C/LA/3003,T/LA/2166
C/LA/3004,T/LA/2163
C/LA/3005,T/LA/2164
C/LA/3006,T/LA/2165
C/LA/3011,T/LA/1271
C/LA/3012,T/LA/1273
C/LA/3013,T/LA/1274
C/LA/3014,T/LA/1275
C/LA/3015,T/LA/1276
C/LA/3016,T/LA/1277
C/LA/3017,T/LA/1278
C/LA/3018,T/LA/1279
C/LA/3019,T/LA/1281
C/LA/3020,T/LA/1282
C/LA/3022,T/LA/1284
C/LA/3023,T/LA/1285
C/LA/3024,T/LA/1286
C/LA/3025,T/LA/1287
C/LA/3026,T/LA/1288
C/LA/3027,T/LA/1291
C/LA/3028,T/LA/1292
C/LA/3029,T/LA/1293
C/LA/3030,T/LA/1297
C/LA/3031,T/LA/1298
C/LA/3035,T/LA/1346
C/LA/3036,T/LA/1351
C/LA/3037,T/LA/1369
C/LA/3038,
C/LA/3039,T/LA/1395
C/LA/3040,T/LA/1396
C/LA/3041,T/LA/1397
C/LA/3042,T/LA/1398
C/LA/3043,T/LA/1399
C/LA/3044,T/LA/1400
C/LA/3045,T/LA/1401
C/LA/3046,T/LA/1402
C/LA/3047,T/LA/1403
C/LA/3048,T/LA/1404
C/LA/3049,
C/LA/3050,
C/LA/3051,
C/LA/3052,T/LA/1411
C/LA/3053,
C/LA/3054,T/LA/1413
C/LA/3055,
C/LA/3056,T/LA/1416
C/LA/3057,T/LA/1425
C/LA/3058,
C/LA/3059,
C/LA/3060,T/LA/1437
C/LA/3061,T/LA/1448
C/LA/3062,T/LA/1439
C/LA/3063,T/LA/1445
C/LA/3064,T/LA/1447
C/LA/3065,T/LA/1450
C/LA/3066,T/LA/1453
C/LA/3067,T/LA/1454
C/LA/3068,T/LA/1458
C/LA/3069,T/LA/1459
C/LA/3070,T/LA/1460
C/LA/3071,T/LA/1461
C/LA/3072,T/LA/1463
C/LA/3073,T/LA/1464
C/LA/3074,T/LA/1465
C/LA/3075,T/LA/1466
C/LA/3076,T/LA/1469
C/LA/3077,T/LA/1470
C/LA/3078,T/LA/1471
C/LA/3079,T/LA/1472
C/LA/3110,T/LA/1516
C/LA/3111,T/LA/1517
C/LA/3112,T/LA/1518
C/LA/3113,T/LA/1519
C/LA/3114,T/LA/1520
C/LA/3115,T/LA/1521
C/LA/3116,T/LA/1522
C/LA/3117,T/LA/1523
C/LA/3118,T/LA/1524
C/LA/3119,T/LA/1525
C/LA/3120,T/LA/1526
C/LA/3121,T/LA/1957
C/LA/3122,T/LA/1552
C/LA/3123,T/LA/1559
C/LA/3125,
C/LA/3126,T/LA/1563
C/LA/3127,T/LA/1564
C/LA/3128,T/LA/1566
C/LA/3130,T/LA/1569
C/LA/3131,T/LA/1605
C/LA/3132,T/LA/1607
C/LA/3133,T/LA/1769
C/LA/3134,T/LA/1610
C/LA/3135,T/LA/1635
C/LA/3136,T/LA/1633
C/LA/3137,T/LA/1632
C/LA/3138,T/LA/1637
C/LA/3139,T/LA/1642
C/LA/3140,T/LA/1643
C/LA/3141,T/LA/1644
C/LA/3142,T/LA/1676
C/LA/3143,T/LA/1650
C/LA/3157,T/LA/1675
C/LA/3158,T/LA/1684
C/LA/3159,T/LA/1686
C/LA/3160,T/LA/1690
C/LA/3161,T/LA/1715
C/LA/3162,T/LA/1716
C/LA/3163,T/LA/1717
C/LA/3164,T/LA/1730
C/LA/3165,T/LA/1731
C/LA/3166,T/LA/1732
C/LA/3167,T/LA/1733
C/LA/3168,T/LA/1734
C/LA/3169,T/LA/1735
C/LA/3170,T/LA/1736
C/LA/3171,T/LA/1737
C/LA/3172,T/LA/1738
C/LA/3173,T/LA/1740
C/LA/3174,
C/LA/3175,T/LA/1742
C/LA/3176,
C/LA/3177,T/LA/1745
C/LA/3178,
C/LA/3233,
C/LA/3234,T/LA/1798
C/LA/3235,
C/LA/3236,T/LA/1800
C/LA/3237,T/LA/1812
C/LA/3238,T/LA/1818
C/LA/3239,T/LA/1863
C/LA/3240,T/LA/1865
C/LA/3241,T/LA/1867
C/LA/3242,T/LA/1868
C/LA/3243,T/LA/1869
C/LA/3244,T/LA/1870
C/LA/3245,T/LA/1871
C/LA/3246,T/LA/1872
C/LA/3179,T/LA/1746
C/LA/3180,T/LA/1748
C/LA/3181,
C/LA/3182,
C/LA/3183,T/LA/1749
C/LA/3184,
C/LA/3185,
C/LA/3186,
C/LA/3187,
C/LA/3188,T/LA/1753
C/LA/3189,T/LA/1754
C/LA/3190,T/LA/1755
C/LA/3191,T/LA/1756
C/LA/3192,T/LA/1757
C/LA/3193,T/LA/1758
C/LA/3194,T/LA/1759
C/LA/3195,T/LA/1760
C/LA/3196,T/LA/1761
C/LA/3197,T/LA/1762
C/LA/3198,T/LA/1763
C/LA/3199,
C/LA/3200,T/LA/1765
C/LA/3201,T/LA/1766
C/LA/3202,T/LA/1767
C/LA/3203,T/LA/1768
C/LA/3204,
C/LA/3205,T/LA/1770
C/LA/3206,T/LA/1772
C/LA/3207,
C/LA/3208,T/LA/1773
C/LA/3209,T/LA/1774
C/LA/3210,T/LA/1775
C/LA/3211,
C/LA/3212,T/LA/1776
C/LA/3213,T/LA/1777
C/LA/3214,T/LA/1778
C/LA/3215,
C/LA/3216,T/LA/1779
C/LA/3217,T/LA/1780
C/LA/3218,T/LA/1781
C/LA/3220,T/LA/1783
C/LA/3221,T/LA/1784
C/LA/3222,T/LA/1785
C/LA/3223,T/LA/1786
C/LA/3224,T/LA/1787
C/LA/3225,
C/LA/3226,T/LA/1788
C/LA/3227,
C/LA/3228,T/LA/1789
C/LA/3229,
C/LA/3230,
C/LA/3231,
C/LA/3232,
C/LA/3247,T/LA/1873
C/LA/3248,T/LA/1874
C/LA/3249,T/LA/1875
C/LA/3250,T/LA/1876
C/LA/3251,T/LA/1877
C/LA/3252,T/LA/1878
C/LA/3253,T/LA/1879
C/LA/3254,T/LA/1880
C/LA/3255,T/LA/1881
C/LA/3256,T/LA/1882
C/LA/3257,T/LA/1883
C/LA/3258,T/LA/1884
C/LA/3259,T/LA/1885
C/LA/3260,T/LA/1886
C/LA/3261,T/LA/1887
C/LA/3262,T/LA/1888
C/LA/3263,T/LA/1889
C/LA/3264,T/LA/1890
C/LA/3265,T/LA/1891
C/LA/3266,T/LA/1892
C/LA/3267,T/LA/1893
C/LA/3268,T/LA/1894
C/LA/3269,T/LA/1895
C/LA/3270,T/LA/1896
C/LA/3271,T/LA/1897
C/LA/3272,T/LA/1898
C/LA/3273,T/LA/1899
C/LA/3274,T/LA/1900
C/LA/3275,T/LA/1901
C/LA/3276,T/LA/1902
C/LA/3277,T/LA/1937
C/LA/3278,T/LA/1938
C/LA/3279,T/LA/1939
C/LA/3280,T/LA/1940
C/LA/3281,T/LA/1941
C/LA/3282,T/LA/1942
C/LA/3283,T/LA/1943
C/LA/3284,T/LA/1944
C/LA/3285,T/LA/1945
C/LA/3286,T/LA/1949
C/LA/3287,T/LA/1966
C/LA/3288,T/LA/1967
C/LA/3289,T/LA/1977
C/LA/3290,T/LA/2013
C/LA/3291,T/LA/2014
C/LA/3292,T/LA/2015
C/LA/3293,T/LA/2016
C/LA/3294,T/LA/2029
C/LA/3295,T/LA/2053
C/LA/3296,T/LA/2054
C/LA/3297,T/LA/2086
C/LA/3298,T/LA/2087
C/LA/3300,T/LA/2089
C/LA/3301,T/LA/2090
C/LA/3302,T/LA/2091
C/LA/3303,T/LA/2092
C/LA/3304,T/LA/2093
C/LA/3305,T/LA/2094
C/LA/3306,T/LA/2095
C/LA/3307,T/LA/2096
C/LA/3308,T/LA/2097
C/LA/3309,T/LA/2098
C/LA/3310,T/LA/2099
C/LA/3311,T/LA/2100
C/LA/3312,T/LA/2102
C/LA/3313,T/LA/2103
C/LA/3314,T/LA/2104
C/LA/3315,T/LA/2105
C/LA/3316,T/LA/2106
C/LA/3317,T/LA/2107
C/LA/3318,T/LA/2108
C/LA/3319,T/LA/2109
C/LA/3320,T/LA/2110
C/LA/3321,T/LA/2111
C/LA/3322,T/LA/2112
C/LA/3323,T/LA/2113
C/LA/3324,T/LA/2114
C/LA/3325,T/LA/2115
C/LA/3326,T/LA/2116
C/LA/3327,T/LA/2117
C/LA/3328,T/LA/2118
C/LA/3329,T/LA/2119
C/LA/3330,T/LA/2120
C/LA/3331,T/LA/2121
C/LA/3332,T/LA/2122
C/LA/3333,T/LA/2123
C/LA/3334,T/LA/2124
C/LA/3335,T/LA/2125
C/LA/3336,T/LA/2126
C/LA/3337,T/LA/2127
C/LA/3338,T/LA/2128
C/LA/3339,T/LA/2129
C/LA/3340,T/LA/2131
C/LA/3341,T/LA/2132
C/LA/3342,T/LA/2133
C/LA/3343,T/LA/2134
C/LA/3344,T/LA/2135
C/LA/3345,T/LA/2137
C/LA/3346,T/LA/2138
C/LA/3347,T/LA/2139
C/LA/3348,
C/LA/3369,T/LA/2237
C/LA/3370,T/LA/2238
C/LA/3371,T/LA/2239
C/LA/3372,T/LA/2240
C/LA/3373,T/LA/2241
C/LA/3374,T/LA/2242
C/LA/3375,T/LA/2243
C/LA/3376,T/LA/2244
C/LA/3377,T/LA/2245
C/LA/3378,T/LA/2246
C/LA/3379,T/LA/2247
C/LA/3380,T/LA/2248
C/LA/3381,T/LA/2249
C/LA/3382,T/LA/2250
C/LA/3383,T/LA/2251
C/LA/3384,T/LA/2252
C/LA/3385,T/LA/2253
C/LA/3386,T/LA/2254
C/LA/3387,T/LA/2255
C/LA/3388,T/LA/2256
C/LA/3389,T/LA/2257
C/LA/3390,T/LA/2258
C/LA/3391,T/LA/2259
C/LA/3392,T/LA/2260
C/LA/3393,T/LA/2261
C/LA/3394,T/LA/2262
C/LA/3395,T/LA/2263
C/LA/3396,T/LA/2264
C/LA/3397,T/LA/2265
C/LA/3398,T/LA/2266
C/LA/3399,T/LA/2267
C/LA/3400,T/LA/2268
C/LA/3401,T/LA/2269
C/LA/3402,T/LA/2270
C/LA/3403,T/LA/2271
C/LA/3404,T/LA/2272
C/LA/3405,T/LA/2273
C/LA/3406,T/LA/2274
