MeetingPlaceRef,CaseRef,MeetingPlace_Place,Inversion,Location
MP/JO/137,C/EGD/1954,Yard,0,own house
MP/JO/138,C/EGD/402,,0,going to Edinburgh
MP/JO/139,C/JO/2830,,0,moremaddenhole' Leith
MP/JO/140,C/JO/2830,,0,the 'Latch' Edinburgh
MP/JO/141,C/JO/2830,Burn,0,
MP/JO/142,C/LA/2786,,0,Windygoul
MP/JO/143,C/LA/2786,Hilltop,0,Parson's Knoll
MP/JO/146,C/EGD/402,House,0,her own house
MP/JO/147,C/EGD/402,,0,Jock's Lodge
MP/JO/148,C/LA/2785,House yard,0,own house
MP/JO/149,C/LA/2785,House,0,in bedroom
MP/JO/150,C/EGD/395,House,0,own house
MP/JO/151,C/EGD/397,Loch,0,"lochside, beside meadow"
MP/JO/152,C/EGD/401,Hilltop,0,Gallolaw
MP/JO/153,C/EGD/401,,0,Jock's Lodge
MP/JO/154,C/EGD/1954,Road,0,Restalrig Loan
MP/JO/157,C/EGD/398,House,0,own house window
MP/JO/158,C/EGD/401,Burn,0,North Meadow burn
MP/JO/159,C/EGD/396,Yard,0,Andrew Simmon's whinns
MP/JO/160,C/EGD/400,Mill,0,Breastmilne'
MP/JO/165,C/EGD/400,,0,Brownesmith?
MP/JO/170,C/JO/2846,Coalpit,0,Southhundall?
MP/JO/173,C/EGD/1298,Burn,0,Swynisburne
MP/JO/174,C/EGD/1817,House,0,mother's house
MP/JO/175,C/EGD/2005,Hilltop,0,Gallowberry Hill
MP/JO/176,C/EGD/1859,Hilltop,0,Gallowberry Hill
MP/JO/177,C/EGD/1860,,0,Kirkurd
MP/JO/178,C/JO/2882,House,0,own house
MP/JO/179,C/JO/2882,Bridge,0,Lintoun Bridge
MP/JO/294,C/EGD/1367,Haugh,0,Samuelston
MP/JO/295,C/EGD/1367,House,0,Own house
MP/JO/296,C/EGD/1368,Burn,0,black burn beside Calfward
MP/JO/297,C/EGD/1368,Moor,0,Begbiemure
MP/JO/298,C/EGD/1368,Moor,0,Overboltonmure
MP/JO/299,C/EGD/1368,Burn,0,Kirkland burn
MP/JO/300,C/EGD/1375,House,0,own house
MP/JO/301,C/EGD/1375,Moor,0,Boltonmure
MP/JO/302,C/EGD/1375,Haugh,0,Samuelston
MP/JO/303,C/EGD/1375,Moor,0,Pilmure
MP/JO/304,C/EGD/1375,Burn,0,Black burn of Bolton
MP/JO/305,C/EGD/1375,Moor,0,Begbiemure
MP/JO/306,C/EGD/1372,House,0,outside own house
MP/JO/307,C/EGD/1372,Moor,0,Baigbiemure
MP/JO/308,C/EGD/1372,Burn,0,Black burn of Bolton
MP/JO/309,C/EGD/1373,Moor,0,Baigbiemure
MP/JO/310,C/EGD/1373,Burn,0,Black burn
MP/JO/311,C/JO/2905,House,0,Elizabeth Lawson's house
MP/JO/312,C/JO/2905,Yard,0,great yard of Blause
MP/JO/313,C/JO/2905,Burn,0,Black burn
MP/JO/314,C/JO/2905,Well,0,Cadger well
MP/JO/315,C/EGD/1374,Burn,0,Black burn of Bolton
MP/JO/336,C/EGD/1367,Burn,0,Blackburn of Bolton
MP/JO/337,C/EGD/1367,Moor,0,baigbiemure
MP/JO/338,C/EGD/1374,Moor,0,Baigbiemure
MP/JO/36,C/EGD/2121,Mercat Cross,0,Aberdeen
MP/JO/37,C/EGD/1324,House yard,0,Painston
MP/JO/38,C/EGD/1324,Loch,0,Painston
MP/JO/39,C/EGD/1324,Dam,0,Butter Dam
MP/JO/40,C/EGD/1323,Dean bank head,0,Nisbot
MP/JO/41,C/EGD/1323,Moor,0,
MP/JO/42,C/EGD/1323,Moor,0,Gladsmuir
MP/JO/43,C/EGD/1323,House,0,Nisbot
MP/JO/440,C/EGD/1818,Hilltop,0,Gallowbeirnie Hill
MP/JO/451,C/EGD/2387,Mill,0,
MP/JO/452,C/EGD/2387,Bridge,0,
MP/JO/453,C/EGD/2387,Waterside,0,West Mill
MP/JO/454,C/JO/2959,House,0,her own house
MP/JO/455,C/EGD/1848,Moor,0,common moor of Brechin at Lucifer's loch
MP/JO/48,C/JO/2667,Moor,0,Foxton moor
MP/JO/49,C/JO/2668,Moor,0,Foxton moor
MP/JO/50,C/EGD/1337,,0,
MP/JO/550,C/EGD/2153,Hilltop,0,Hill of Cragleauche
MP/JO/551,C/EGD/2119,Mercat Cross,0,Aberdeen
MP/JO/552,C/EGD/2119,Fish cross,0,Aberdeen
MP/JO/553,C/EGD/2119,Meal market,0,Aberdeen
MP/JO/554,C/EGD/2159,Jail,0,Slains
MP/JO/555,C/EGD/2159,Loch,0,near her house
MP/JO/556,C/EGD/2163,,0,between Lumphanan and Cragleuch
MP/JO/558,C/EGD/2154,,0,Craigleauch
MP/JO/561,C/EGD/2161,Foot of hill,0,Craigleuch
MP/JO/562,C/EGD/2162,Hilltop,0,Hill of Cragleuche
MP/JO/565,C/EGD/2130,Yard,0,Lammyntownis yard
MP/JO/566,C/EGD/2130,yard,0,James Thomsoun's yard
MP/JO/567,C/EGD/2130,Cross,0,Fish cross
MP/JO/568,C/EGD/2130,Mercat Cross,0,meal market
MP/JO/569,C/EGD/2122,Yard,0,James Thomsouns's yard
MP/JO/570,C/EGD/2122,Cross,0,Fish cross
MP/JO/571,C/EGD/2122,Mercat Cross,0,meal market
MP/JO/572,C/EGD/2123,Yard,0,James Thomsoun's yard
MP/JO/573,C/EGD/2123,Cross,0,Fish cross
MP/JO/574,C/EGD/2123,Mercat Cross,0,meal mercat
MP/JO/575,C/EGD/2141,House,0,own house
MP/JO/576,C/EGD/2141,Field,0,assorted fields
MP/JO/577,C/JO/3046,Links,0,Links of Muness
MP/JO/582,C/JO/3059,,0,between mill and park
MP/JO/583,C/JO/3059,Hilltop,0,above Kincardine
MP/JO/584,C/JO/3068,House,0,neighbour's house
MP/JO/585,C/EGD/297,House,0,neighbour's house
MP/JO/586,C/EGD/297,Cross,0,Alloa cross
MP/JO/587,C/EGD/297,,0,Cunigar?
MP/JO/588,C/EGD/297,Barn,0,at barn door
MP/JO/589,C/EGD/297,House,0,other person's house
MP/JO/590,C/EGD/294,Meadow,0,
MP/JO/591,C/EGD/294,Burn,0,Bagraburn
MP/JO/592,C/EGD/294,House,0,other people's houses
MP/JO/593,C/EGD/291,Meadow,0,
MP/JO/594,C/EGD/291,House,0,other people's house
MP/JO/595,C/EGD/293,Meadow,0,
MP/JO/596,C/EGD/293,Burn,0,Bagraburn
MP/JO/597,C/EGD/293,House,0,other person's house
MP/JO/598,C/EGD/293,Barn,0,
MP/JO/599,C/EGD/1746,House,0,own house
MP/JO/600,C/EGD/2373,Town wall,0,"town wall at West Post, Edinburgh"
MP/JO/601,C/EGD/2373,Quarry,0,Quarrell hole (quarry)
MP/JO/602,C/EGD/2373,,0,place of Merchiston
MP/JO/603,C/EGD/1813,Hilltop,0,Corstorphine hill
MP/JO/604,C/EGD/1813,Park,0,
MP/JO/605,C/EGD/1628,Park,0,
MP/JO/606,C/JO/3093,House,0,her own house
MP/JO/622,C/EGD/2446,Loan,0,Pittenweem
MP/JO/623,C/EGD/830,Loan,0,Pittenweem
MP/JO/624,C/EGD/831,Moor,0,Ceres Moor
MP/JO/625,C/EGD/2446,Tolbooth,0,Laigh Tolbooth
MP/JO/626,C/EGD/2444,House,0,McGregor's house
MP/JO/646,C/EGD/1533,Moor,0,Corsmore
MP/JO/647,C/EGD/1533,,0,between Kilmachalmok and Edinmore
MP/JO/648,C/EGD/1533,Moor,0,between Mikell Kilmorie and Killeferne Moore
MP/JO/649,C/EGD/1533,,0,Lochfyne
MP/JO/650,C/EGD/1527,House,0,own house
MP/JO/651,C/EGD/1527,,0,Cregandow or Bute quay
MP/JO/652,C/JO/3246,Field,0,Faldtombuie
MP/JO/653,C/JO/3246,Yard,0,Caleyaird
MP/JO/654,C/JO/3246,Hilltop,0,Kilmory
MP/JO/655,C/JO/3247,Hilltop,0,"Ardturr and Glackiriska, Appin"
MP/JO/656,C/JO/3247,,0,Lismore
MP/JO/657,C/JO/3247,Fairy mound,0,Shian of Barcaldine
MP/JO/658,C/JO/3248,,0,Knockanrioch
MP/JO/659,C/JO/3248,,0,Bute quay
MP/JO/66,C/EGD/604,Shore,0,Bute Quau
MP/JO/660,C/JO/3071,House,0,Neighbour's house
MP/LA/1,C/EGD/160,Hilltop,0,Dounhill of Spott
MP/LA/10,C/EGD/166,Valley,0,Den betwixt Nidrie and Edmestoun
MP/LA/100,C/EGD/364,Dam,0,Newtown Deinhead
MP/LA/102,C/EGD/384,Shore,0,on the other side of the water
MP/LA/103,C/EGD/384,House,0,her house
MP/LA/105,C/EGD/381,Shore,0,near the bridge at the bank of John Ballingtyne's
MP/LA/106,C/EGD/381,Yard,0,at her farm
MP/LA/107,C/EGD/381,Road,0,between Skloutford and nether Liberton
MP/LA/108,C/EGD/382,Dam,0,Causland dam
MP/LA/109,C/EGD/382,Yard,0,back of Dalkeith yards
MP/LA/110,C/EGD/382,Mill,0,Millgreen of Dalkeith
MP/LA/111,C/EGD/385,Barn,0,her byre while milking
MP/LA/112,C/EGD/390,Yard,0,just outside her house
MP/LA/113,C/EGD/388,,0,Gilmerton Ward
MP/LA/114,C/EGD/389,House,0,his own
MP/LA/115,C/EGD/389,Yard,0,Lady Laytoun's
MP/LA/116,C/EGD/389,Barn,0,drawing down of Robert Mitchell's
MP/LA/117,C/EGD/391,Yard,0,neighbours yard dyke
MP/LA/118,C/EGD/391,,0,Carthall
MP/LA/119,C/EGD/386,Bed,0,her bed
MP/LA/12,C/EGD/166,Hilltop,0,"a) Hugstoun Hillis, 12:00"
MP/LA/120,C/EGD/386,,0,stick gathering
MP/LA/121,C/EGD/404,Hilltop,0,
MP/LA/122,C/EGD/392,Hilltop,0,
MP/LA/123,C/EGD/387,Hilltop,0,
MP/LA/124,C/EGD/387,Bed,0,her own
MP/LA/125,C/EGD/398,Shore,0,tweedsyde
MP/LA/126,C/EGD/398,Dyke,0,green dykes
MP/LA/127,C/EGD/395,Dyke,0,green dykes
MP/LA/128,C/EGD/397,Dyke,0,green dykes
MP/LA/13,C/EGD/166,Hilltop,0,b) Gairnetoun Hillis
MP/LA/130,C/LA/2785,Dyke,0,green dyke
MP/LA/131,C/LA/2786,Dyke,0,green dyke
MP/LA/132,C/EGD/1954,Links,0,Duddingston
MP/LA/133,C/EGD/400,Howe,0,howe by standing stone near Newbridge/Kirkliston
MP/LA/134,C/EGD/400,Shore,0,Cliftonhall side of the water
MP/LA/135,C/EGD/409,Dam,0,Newtoun Deam
MP/LA/136,C/EGD/377,Dam,0,Newtown Dam
MP/LA/137,C/EGD/370,House,0,Wolmet
MP/LA/138,C/EGD/378,Hilltop,0,Blewhill
MP/LA/139,C/LA/2798,Den,0,Newtown Dean
MP/LA/14,C/EGD/166,Hilltop,0,bewest the castle of Dunce
MP/LA/140,C/LA/2798,House,0,her house
MP/LA/141,C/EGD/374,House,0,her own
MP/LA/142,C/EGD/371,River,0,Newtown Burne
MP/LA/143,C/EGD/392,Yard,0,Kirkyard of Dunfyre
MP/LA/149,C/LA/2787,Yard,0,Lady Langtoun's yard
MP/LA/15,C/EGD/166,Forest,0,Saltoun woid
MP/LA/151,C/EGD/359,Well,0,Roland Rutherford's
MP/LA/152,C/EGD/359,Ward,0,Gilmerton Ward
MP/LA/153,C/EGD/360,Road,0,between William Graham's house and hers
MP/LA/154,C/EGD/360,River,0,pow-burn on the route home from Edinburgh
MP/LA/155,C/EGD/404,Road,0,coming from Brandis Milne
MP/LA/156,C/EGD/387,Yard,0,Mortonhall Park
MP/LA/157,C/EGD/415,Yard,0,Gilmerton Park
MP/LA/158,C/EGD/335,Bush,0,
MP/LA/16,C/EGD/166,Hilltop,0,Monkrig above the stob stane
MP/LA/160,C/EGD/1374,Den,0,Hodin Dean
MP/LA/163,C/EGD/1375,Den,0,hodin dean
MP/LA/164,C/EGD/411,Den,0,hodin dean
MP/LA/166,C/EGD/385,Road,0,while ridding a horse to the coal hill
MP/LA/167,C/EGD/377,,0,Newtown
MP/LA/168,C/EGD/381,House,0,either her's or William Tweedie's
MP/LA/17,C/EGD/166,Links,0,Linkis of Prestoun
MP/LA/178,C/LA/2876,River mouth,0,"Dee, beside the blockehous"
MP/LA/179,C/EGD/1243,River mouth,0,"Dee, near the blockehous"
MP/LA/18,C/EGD/166,Moor,0,Cauld Coit mure
MP/LA/180,C/EGD/1242,River mouth,0,"Dee, beside the blockehous"
MP/LA/181,C/EGD/1241,River mouth,0,"Dee, beside the blockehous"
MP/LA/182,C/EGD/1244,River mouth,0,"Dee, beside the blockehous"
MP/LA/183,C/EGD/1245,River mouth,0,"Dee, beside the blockehous"
MP/LA/184,C/EGD/1246,River mouth,0,"Dee, beside the blockehous"
MP/LA/185,C/EGD/1247,River mouth,0,"Dee, beside the blockehous"
MP/LA/186,C/EGD/1248,River mouth,0,"Dee, near the blockehous"
MP/LA/187,C/EGD/1249,River mouth,0,"Dee, by the blockhous"
MP/LA/188,C/EGD/1250,River mouth,0,"Dee, by the blockehous"
MP/LA/189,C/EGD/1251,River mouth,0,"Dee, by the blockehous"
MP/LA/19,C/EGD/166,Road,0,c) heid of the broken Calsey of Niddry
MP/LA/190,C/EGD/1252,River mouth,0,"Dee, by the blockehous"
MP/LA/191,C/EGD/606,Kirkyard,0,west Kirk of Culross
MP/LA/192,C/EGD/607,Kirkyard,0,west kirk of Culross
MP/LA/193,C/EGD/607,House,0,her own
MP/LA/194,C/EGD/608,Kirkyard,0,west kirk of culross
MP/LA/195,C/EGD/609,Kirkyard,0,west kirk of culross
MP/LA/196,C/EGD/609,Bank Side,0,at her mother's house
MP/LA/197,C/EGD/607,,0,the strand
MP/LA/198,C/EGD/607,Hollow,0,Cannieman's hollow
MP/LA/199,C/EGD/606,Shore,0,
MP/LA/2,C/EGD/160,,0,Madeis Loupe
MP/LA/201,C/EGD/694,Haugh,0,Ward Haugh
MP/LA/202,C/EGD/694,Bridge,0,kirk bridge
MP/LA/203,C/EGD/694,Hilltop,0,corsehill
MP/LA/204,C/EGD/694,Wood,0,Ormeston Wood
MP/LA/21,C/EGD/162,Road,0,Heid of the broken Clasay of Nydrie
MP/LA/214,C/EGD/624,Bridge,0,kirk bridge
MP/LA/215,C/EGD/624,Haugh,0,ward haugh
MP/LA/216,C/EGD/624,Hilltop,0,corsehill
MP/LA/217,C/EGD/693,Burn,0,Murrais burne
MP/LA/219,C/EGD/692,Burn,0,Murrais Burne
MP/LA/220,C/EGD/613,Hilltop,0,Barliehill
MP/LA/221,C/EGD/613,Wood,0,wood head of crighton
MP/LA/222,C/EGD/614,Hilltop,0,Barliehill
MP/LA/223,C/EGD/691,House,0,Helen Laying's (c/egd/692)
MP/LA/224,C/EGD/691,,1,flaming fire in Crighton
MP/LA/225,C/EGD/694,,0,Leswade
MP/LA/226,C/EGD/694,,0,Loanhead
MP/LA/227,C/EGD/694,Field,0,
MP/LA/228,C/EGD/694,Burn,0,Cowe burn
MP/LA/229,C/EGD/620,Haugh,0,Ward haugh
MP/LA/23,C/EGD/179,Kirkyard,0,in Glendovan
MP/LA/230,C/EGD/620,Burn,0,Cowe burn
MP/LA/231,C/EGD/692,Burn,0,ward burn
MP/LA/232,C/EGD/692,Yard,0,own yard
MP/LA/233,C/EGD/692,Field,0,black faugh
MP/LA/234,C/EGD/693,House,0,own house between bed and fire
MP/LA/235,C/EGD/693,Burn,0,Templehall burne
MP/LA/237,C/EGD/611,Hilltop,0,Birliehill
MP/LA/24,C/EGD/179,Kirkyard,0,Muckhart
MP/LA/240,C/EGD/696,burn,0,cowe burn
MP/LA/241,C/EGD/696,Bridge,0,Keith Bridge
MP/LA/242,C/EGD/696,House,0,white house in Cranstoun's back yard
MP/LA/245,C/EGD/697,Farm,0,farm brae at midnight
MP/LA/246,C/EGD/697,Dam,0,Line dean
MP/LA/247,C/EGD/697,House,0,white house
MP/LA/25,C/EGD/179,,0,Rumbling Bridge
MP/LA/252,C/EGD/695,Dam,0,Lin Dean
MP/LA/253,C/EGD/695,House,0,whitehouse
MP/LA/254,C/EGD/140,Shore,0,Common Waist Sandhillis near Irving
MP/LA/256,C/EGD/147,Dam,0,Deam futtie of Longniddry
MP/LA/257,C/EGD/147,House,0,Beigis' house
MP/LA/265,C/EGD/140,Kirkyard,0,
MP/LA/266,C/EGD/140,Kirk,0,
MP/LA/267,C/EGD/140,Hilltop,0,Lowdon Hill
MP/LA/280,C/EGD/147,Thorn,0,Seaton-thorn
MP/LA/281,C/EGD/147,Gate,0,iron gate of Seaton
MP/LA/290,C/EGD/137,Craigs,0,Bynnie-craigs
MP/LA/291,C/EGD/137,Craigs,0,Corstorphine-craigs
MP/LA/292,C/EGD/34,Moor,0,Grange-more
MP/LA/293,C/EGD/59,Kirk,1,North Berwick kirk
MP/LA/294,C/EGD/59,Ship,0,A ship off the coast of the pannes
MP/LA/295,C/EGD/59,Hilltop,0,Brumhoillis
MP/LA/300,C/EGD/63,Kirk,1,North Berwick Kirk
MP/LA/301,C/EGD/63,Ship,0,off the coast of the pannes
MP/LA/306,C/EGD/63,Ship,0,the grace of God
MP/LA/307,C/EGD/63,Shore,1,all along the south coast of the forth
MP/LA/308,C/EGD/63,Kirk,0,"Kirk of Garvett, be-eist Burn syde"
MP/LA/309,C/EGD/63,,0,Foulstruther
MP/LA/310,C/EGD/63,Kirk,0,Natoun Kirk
MP/LA/311,C/EGD/63,,0,pier-head
MP/LA/312,C/EGD/63,Kirk,1,North Berwick
MP/LA/32,C/LA/2638,House,0,accomplices' house
MP/LA/33,C/EGD/180,House,0,accomplice's house
MP/LA/34,C/EGD/180,,0,on the way to get ale
MP/LA/355,C/EGD/120,,0,Foulstruther
MP/LA/356,C/EGD/110,Kirk,1,North Berwick
MP/LA/357,C/EGD/110,Salt pans,0,near the pannes
MP/LA/358,C/EGD/110,House,0,wobster's house
MP/LA/359,C/EGD/110,,0,Foulstruther
MP/LA/360,C/EGD/104,Kirk,0,Natoun
MP/LA/365,C/EGD/110,House,0,Beigis Tod's house
MP/LA/373,C/EGD/147,Salt pans,0,near the pannes
MP/LA/381,C/LA/2911,Ship,0,
MP/LA/387,C/EGD/104,Kirk,1,North Berwick
MP/LA/388,C/EGD/103,Kirk,1,North Berwick
MP/LA/389,C/EGD/103,Shore,0,Aitchesounes-heavin between musselburgh and pannes
MP/LA/390,C/EGD/107,Shore,0,"Aitchesounes heavin, btw musselburgh and pannes"
MP/LA/391,C/EGD/107,Kirk,1,North Berwick
MP/LA/393,C/EGD/110,Shore,0,Aitchisoune's heavin btw Musselburgh and pannes
MP/LA/394,C/EGD/108,Shore,0,Aitchisoune's heavin btw Musselbrugh and pannes
MP/LA/397,C/EGD/104,Shore,0,New-heavin also called fairy-hoillis
MP/LA/398,C/EGD/104,Hilltop,0,Brum-hoillis
MP/LA/399,C/EGD/104,Shore,0,Leith
MP/LA/4,C/EGD/159,Hilltop,0,Dounhill of Spott
MP/LA/403,C/EGD/1268,House,0,abandoned old house
MP/LA/404,C/EGD/1269,House,0,abandoned house called Howing Greyman
MP/LA/405,C/EGD/29,Field,0,near her house
MP/LA/406,C/EGD/29,Thorn,0,thorne of Damwstarnok
MP/LA/407,C/EGD/29,House,0,her own
MP/LA/408,C/EGD/1329,,0,low place above Cransmouth
MP/LA/409,C/EGD/1334,Yard,0,back of Thomas Browun's barn
MP/LA/410,C/EGD/1334,Yard,0,back of Laurd of Wedderburn's house
MP/LA/411,C/EGD/1334,River mouth,0,Forth of Eyemouth
MP/LA/412,C/EGD/1333,Yard,0,back of Laird of Wedderburn's house
MP/LA/417,C/EGD/1312,Green,0,Dirleton
MP/LA/424,C/EGD/1322,House,0,
MP/LA/425,C/EGD/1322,House,0,
MP/LA/430,C/EGD/1308,Kirk,0,High kirk of Lanark
MP/LA/431,C/EGD/1308,Kirk,0,kirk of Carnwath
MP/LA/434,C/EGD/1310,Road,0,on her way home at 12:00am
MP/LA/44,C/EGD/169,,0,Coldingham Law
MP/LA/441,C/EGD/1749,House,0,Her own
MP/LA/442,C/EGD/1748,House,0,his own
MP/LA/443,C/EGD/1747,House,0,her mother's
MP/LA/444,C/EGD/1747,House,0,her brother's
MP/LA/445,C/EGD/1746,House,0,Mathie's
MP/LA/446,C/EGD/1746,House,0,John Stewart's
MP/LA/447,C/EGD/1745,House,0,Mathie's
MP/LA/448,C/EGD/1745,House,0,John Stewart's
MP/LA/449,C/EGD/1744,House,0,Mathie's
MP/LA/45,C/EGD/173,Barn,0,head of the dead mans burne
MP/LA/450,C/EGD/1744,House,0,John Stewart's
MP/LA/451,C/EGD/1773,,0,Kilpatrik
MP/LA/452,C/EGD/1773,Moor,0,Kilmacolme
MP/LA/453,C/EGD/1773,Yard,0,Christian Shaw
MP/LA/454,C/EGD/1773,Yard,0,murdered minister
MP/LA/455,C/EGD/1773,House,0,murdered child
MP/LA/456,C/LA/2959,,0,Kilpatrick
MP/LA/457,C/LA/2959,Moor,0,Kilmacolme
MP/LA/458,C/LA/2959,Yard,0,Christian Shaw
MP/LA/459,C/LA/2959,Yard,0,"murdered minister, Mr. John Hardie"
MP/LA/46,C/EGD/173,Mill,0,
MP/LA/460,C/LA/2959,House,0,murdered child
MP/LA/461,C/EGD/1778,,0,kilpatrick
MP/LA/462,C/EGD/1778,Moor,0,Kilmacolme
MP/LA/463,C/EGD/1778,Yard,0,christian Shaw
MP/LA/464,C/EGD/1778,Yard,0,"murdered minister, Mr. John Hardie"
MP/LA/465,C/EGD/1778,House,0,murdered child
MP/LA/466,C/EGD/1781,,0,Kilpatrick
MP/LA/467,C/EGD/1781,Moor,0,Kilmacolme
MP/LA/468,C/EGD/1781,Yard,0,christian Shaw's
MP/LA/469,C/EGD/1781,Yard,0,"murdered minister, Mr. John Hardie"
MP/LA/47,C/EGD/173,Yard,0,tenth (teynd) yard
MP/LA/470,C/EGD/1781,House,0,murdered boy
MP/LA/471,C/EGD/1774,,0,Kilpatrick
MP/LA/472,C/EGD/1774,Moor,0,Kilmacolme
MP/LA/473,C/EGD/1774,Yard,0,christian Shaw's
MP/LA/474,C/EGD/1774,Yard,0,"murdered minister, Mr. John Hardie"
MP/LA/475,C/EGD/1774,House,0,murdered boy
MP/LA/476,C/EGD/1780,,0,Kilpatrick
MP/LA/477,C/EGD/1780,Moor,0,Kilmacolme
MP/LA/478,C/EGD/1780,Yard,0,christian shaw's
MP/LA/479,C/EGD/1780,Yard,0,"murdered minsiter, Mr. John Hardie"
MP/LA/48,C/EGD/173,Shore,0,in Eyemouth
MP/LA/480,C/EGD/1780,House,0,murdered boy
MP/LA/481,C/EGD/1777,,0,kilpatrick
MP/LA/482,C/EGD/1777,Moor,0,Kilmacolme
MP/LA/483,C/EGD/1777,Yard,0,christian shaw's
MP/LA/484,C/EGD/1777,Yard,0,"murdered minister, Mr. John Hardie"
MP/LA/485,C/EGD/1777,House,0,murdered boy
MP/LA/486,C/EGD/1935,,0,Kilpatrick
MP/LA/487,C/EGD/1935,Moor,0,Kilmacolme
MP/LA/488,C/EGD/1935,Yard,0,christian shaw
MP/LA/489,C/EGD/1935,Yard,0,"murdered minister, Mr. John Hardie"
MP/LA/490,C/EGD/1935,House,0,murdered boy
MP/LA/492,C/LA/2968,Moor,0,kilmacolme
MP/LA/493,C/LA/2968,Yard,0,Christian Shaw's
MP/LA/494,C/LA/2969,Yard,0,Christian Shaw's
MP/LA/495,C/LA/2970,,0,kilpatrick
MP/LA/496,C/LA/2970,Moor,0,Kilmacolme
MP/LA/497,C/LA/2970,Yard,0,Christian Shaw
MP/LA/498,C/LA/2970,Yard,0,"murdered minister, Mr. John Hardie"
MP/LA/499,C/LA/2970,House,0,murdered child
MP/LA/5,C/EGD/948,Hilltop,0,Dounhill of Spott
MP/LA/500,C/LA/2972,,0,kilpatrick
MP/LA/501,C/LA/2972,Yard,0,christian Shaw's
MP/LA/502,C/LA/2972,Yard,0,"murdered minsiter, mr John Hardie"
MP/LA/503,C/LA/2972,House,0,murdered boy's
MP/LA/504,C/LA/2972,Moor,0,kilmacolme
MP/LA/505,C/EGD/1779,,0,Kilpatrick
MP/LA/506,C/EGD/1779,Moor,0,Kilmacolme
MP/LA/507,C/EGD/1779,Yard,0,christian shaw's
MP/LA/508,C/EGD/1779,Yard,0,"murdered minister, Mr. John Hardie"
MP/LA/509,C/EGD/1779,House,0,murdered child
MP/LA/510,C/LA/2973,,0,kilpatrick
MP/LA/511,C/LA/2973,Moor,0,kilmacolme
MP/LA/512,C/LA/2973,Yard,0,Christian Shaw's
MP/LA/513,C/LA/2973,Yard,0,"murdered minister, Mr. John Hardie"
MP/LA/514,C/LA/2973,House,0,murdered boy
MP/LA/515,C/LA/2974,,0,kilpatrick
MP/LA/516,C/LA/2974,Moor,0,kilmacolme
MP/LA/517,C/LA/2974,Yard,0,Christian Shaw's
MP/LA/518,C/LA/2974,Yard,0,"murdered minister, Mr. John Hardie"
MP/LA/519,C/LA/2974,House,0,murdered boy
MP/LA/520,C/LA/2975,,0,Kilpatrick
MP/LA/521,C/LA/2975,Moor,0,Kilmacolme
MP/LA/522,C/LA/2975,Yard,0,Christian Shaw's
MP/LA/523,C/LA/2975,Yard,0,"murdered minister, Mr. John Hardie"
MP/LA/524,C/LA/2975,House,0,murdered boy
MP/LA/525,C/LA/2976,,0,kilpatrick
MP/LA/526,C/LA/2976,Moor,0,kilmacolme
MP/LA/527,C/LA/2976,Yard,0,Christian Shaw's
MP/LA/528,C/LA/2976,Yard,0,"murdered minister, Mr. John Hardie"
MP/LA/529,C/LA/2976,House,0,murdered boy
MP/LA/530,C/LA/2977,,0,kilpatrick
MP/LA/531,C/LA/2977,Moor,0,Kilmacolme
MP/LA/532,C/LA/2977,Yard,0,christian shaw's
MP/LA/533,C/LA/2977,Yard,0,"murdered minister, Mr. John Hardie"
MP/LA/534,C/LA/2977,House,0,murdered boy
MP/LA/535,C/LA/2978,,0,kilpatrick
MP/LA/536,C/LA/2978,Moor,0,Kilmacolme
MP/LA/537,C/LA/2978,Yard,0,christian shaw
MP/LA/538,C/LA/2978,Yard,0,"murdered minister, Mr. John Hardie"
MP/LA/539,C/LA/2978,House,0,murdered boy
MP/LA/540,C/LA/2979,,0,kilpatrick
MP/LA/541,C/LA/2979,Moor,0,kilmacolme
MP/LA/542,C/LA/2979,Yard,0,christian shaw
MP/LA/543,C/LA/2979,Yard,0,"murdered minister, Mr. John Hardie"
MP/LA/544,C/LA/2979,House,0,murdered boy
MP/LA/545,C/LA/2980,,0,Kilpatrick
MP/LA/546,C/LA/2980,Moor,0,Kilmacolme
MP/LA/547,C/LA/2980,Yard,0,Christian Shaw
MP/LA/548,C/LA/2980,Yard,0,"murdered minister, Mr. John Hardie"
MP/LA/549,C/LA/2980,House,0,murdered boy
MP/LA/55,C/EGD/1170,River,0,head of deadman's burne
MP/LA/552,C/EGD/162,Den,0,near Niddrie
MP/LA/553,C/EGD/166,Hilltop,0,Coldingham Law
MP/LA/554,C/EGD/674,Yard,0,
MP/LA/555,C/EGD/674,Shore,0,Eyemouth
MP/LA/556,C/LA/3019,Shore,0,Eyemouth
MP/LA/557,C/LA/3019,Yard,0,
MP/LA/558,C/EGD/301,Forest,0,
MP/LA/559,C/EGD/301,House,0,her own
MP/LA/560,C/EGD/238,Mill,0,Babirn
MP/LA/561,C/EGD/435,Mill,0,Haddington
MP/LA/562,C/EGD/435,Moor,0,Tranent Muir Brae
MP/LA/563,C/EGD/435,,0,West Port of Edinburgh
MP/LA/564,C/EGD/435,Kirk,0,Gladsmuir Kirk
MP/LA/565,C/EGD/435,Wood,0,Saltoun Wood
MP/LA/566,C/EGD/435,,0,Wester Saltoun
MP/LA/567,C/EGD/435,Mill,0,Paiston
MP/LA/568,C/EGD/435,,0,Haddington
MP/LA/569,C/EGD/435,Kirkyard,0,Haddington
MP/LA/570,C/EGD/435,Burn,0,Lethair burn
MP/LA/571,C/EGD/435,Barn,0,
MP/LA/572,C/EGD/435,Moor,0,Gladsmuir
MP/LA/573,C/EGD/435,,0,"East Barnes, Dunbar"
MP/LA/574,C/EGD/435,,0,Broxburn
MP/LA/575,C/EGD/435,Links,0,Gullane
MP/LA/578,C/EGD/2244,Hilltop,0,Hill of Rendall
MP/LA/579,C/EGD/2208,Kirkyard,0,Cross Kirk of Westray
MP/LA/580,C/EGD/2212,Loch,0,
MP/LA/581,C/EGD/2211,Hilltop,0,between Harray and Rendall
MP/LA/582,C/EGD/694,Ford,0,Reidfoord
MP/LA/583,C/EGD/687,,0,between Winton and Seaton
MP/LA/584,C/LA/3061,House,0,Sarah Cranston's
MP/LA/585,C/LA/3061,Burn,0,cow burn
MP/LA/586,C/LA/3061,Burn,0,Manispark burn
MP/LA/587,C/EGD/694,Bridge,0,Keith Bridge
MP/LA/588,C/EGD/620,Ford,0,Reidfoord
MP/LA/589,C/EGD/620,Wood,0,Ormiston wood
MP/LA/590,C/EGD/620,Haugh,0,Lint Haugh
MP/LA/591,C/EGD/620,Haugh,0,Ward Haugh
MP/LA/592,C/EGD/616,Dam,0,"Ormiston, Cowsland dean"
MP/LA/593,C/EGD/616,Burn,0,cows burn
MP/LA/594,C/EGD/703,Links,0,
MP/LA/595,C/EGD/702,Links,0,Bo'ness
MP/LA/599,C/EGD/203,House,0,A fellow witch's house
MP/LA/6,C/EGD/162,Salt pans,0,pan brae of salt pans
MP/LA/60,C/LA/2689,Yard,0,tenth yard of eyemouth
MP/LA/600,C/EGD/204,House,0,another witch's house
MP/LA/601,C/EGD/205,House,0,another witch's house
MP/LA/602,C/EGD/291,Yard,0,a yard dyk
MP/LA/603,C/EGD/292,House,0,
MP/LA/604,C/EGD/293,,0,Loanhead
MP/LA/607,C/EGD/311,,0,Gallowhop
MP/LA/608,C/EGD/311,Hilltop,0,Sandie's Hill
MP/LA/609,C/EGD/311,,0,"The Home, in Stenton"
MP/LA/61,C/LA/2689,Shore,0,shore of eyemouth
MP/LA/610,C/EGD/309,House,0,Lacost's house
MP/LA/611,C/EGD/309,,0,Gallowhop
MP/LA/612,C/EGD/309,Hilltop,0,Sandie's Hill
MP/LA/613,C/EGD/310,Yard,0,her own
MP/LA/614,C/EGD/310,,0,Hallowhop
MP/LA/615,C/EGD/319,House,0,Allesone Fermor's
MP/LA/616,C/EGD/319,,0,Gallowhop
MP/LA/617,C/EGD/318,Burn,0,Carfrae Burn
MP/LA/618,C/EGD/318,,0,Gallowhop
MP/LA/619,C/LA/3135,Kirk,0,Chaple Stair
MP/LA/620,C/EGD/792,House,0,Jon Wilson's
MP/LA/621,C/EGD/33,Glen,0,Glen of Corloy
MP/LA/622,C/EGD/108,,0,Presonpans
MP/LA/623,C/EGD/120,,0,Prestonpans
MP/LA/624,C/EGD/120,Kirk,0,North Berwick
MP/LA/625,C/EGD/120,Kirkyard,0,North Berwick
MP/LA/626,C/EGD/107,,0,Fyrnt Hoillis of Prestonpans
MP/LA/627,C/EGD/110,,0,The Ship
MP/LA/628,C/EGD/63,Hilltop,0,
MP/LA/629,C/EGD/345,Dam,0,The Stone Well
MP/LA/630,C/EGD/345,Green,0,between Tranent and Seaton
MP/LA/631,C/EGD/346,Dam,0,of Tranent
MP/LA/632,C/EGD/346,Green,0,Bragreen between Seaton and Tranent
MP/LA/633,C/EGD/347,,0,Prestonpans
MP/LA/634,C/EGD/353,Kirk,0,the Old Kirk
MP/LA/635,C/EGD/344,Windmill,0,of the pans
MP/LA/636,C/EGD/349,Green,0,Bragreen between Seaton and Tranent
MP/LA/637,C/EGD/343,Green,0,Bragreen between Seaton and Tranent
MP/LA/638,C/EGD/273,Hilltop,0,
MP/LA/639,C/EGD/273,Kirk,0,Irvine
MP/LA/640,C/EGD/1474,Kirk,0,Nairn
MP/LA/641,C/EGD/1474,,0,Darnvay
MP/LA/642,C/EGD/1558,Kirk,0,The Kirk of Auldearn
MP/LA/643,C/EGD/1558,Kirk,0,Kirk of Nairn
MP/LA/644,C/EGD/1558,Hilltop,0,Hill of Earlfeat
MP/LA/645,C/EGD/1558,Dye-House,0,Auldearn
MP/LA/65,C/EGD/1605,House,0,Her house
MP/LA/66,C/EGD/372,Bank Head,0,Wolmet Bank
MP/LA/661,C/EGD/1224,Hilltop,0,Coldinghame Law
MP/LA/662,C/EGD/1224,House,0,Bessie Sleigh's
MP/LA/663,C/EGD/1224,Hilltop,0,Borthwick Hill
MP/LA/664,C/EGD/1224,Hilltop,0,Duns Law
MP/LA/665,C/EGD/1225,Hilltop,0,Coldingham Law
MP/LA/666,C/EGD/1225,Hilltop,0,Duns Law
MP/LA/667,C/EGD/1225,Hilltop,0,Borthwick Hill
MP/LA/668,C/EGD/1226,Hilltop,0,Duns Law
MP/LA/669,C/EGD/1226,Hilltop,0,Borthwick Hills
MP/LA/67,C/EGD/372,Moor,0,Burrow Mure
MP/LA/68,C/EGD/371,Road,0,between Sheriffhall burn and Dalkeith
MP/LA/69,C/EGD/374,Yard,0,Sheriffhall
MP/LA/7,C/EGD/162,House,0,suspect's in Nyddrie Myln
MP/LA/70,C/EGD/374,House,0,"fellow accused witch's, at 11pm"
MP/LA/71,C/EGD/373,Bank Head,0,Wolmet bank
MP/LA/72,C/EGD/370,Bank Head,0,Wolmet Bank
MP/LA/73,C/EGD/370,Yard,0,Sheriffhall
MP/LA/78,C/EGD/1390,Yard,0,Sheriffhall
MP/LA/79,C/EGD/1390,House,0,her house
MP/LA/8,C/EGD/162,Salt pans,0,Salt Coitmure
MP/LA/9,C/EGD/166,House,0,Oswald's in Nyddrie Mylne
MP/LA/96,C/EGD/380,House,0,her own house
MP/LA/97,C/EGD/380,Dam,0,Newtown Deimhead
MP/LA/98,C/EGD/380,Road,0,on the way to the Mill
MP/LA/99,C/EGD/365,Dam,0,Newtown Deinhead